sender,receiver,timestamp,message_length
79,48,6/2/2021 5:41,88
79,63,6/2/2021 5:42,72
79,58,6/2/2021 5:44,86
79,70,6/2/2021 5:49,26
79,109,6/2/2021 19:51,73
79,58,6/3/2021 1:12,37
144,99,6/3/2021 9:54,33
144,105,6/3/2021 9:57,80
144,121,6/3/2021 9:59,13
177,32,6/4/2021 7:50,32
177,180,6/4/2021 7:59,85
177,180,6/4/2021 8:00,75
177,32,6/4/2021 8:01,30
177,32,6/4/2021 8:08,26
177,32,6/4/2021 8:10,44
177,32,6/4/2021 8:17,85
177,32,6/4/2021 8:26,42
186,185,6/4/2021 9:08,19
144,185,6/5/2021 0:51,67
144,32,6/5/2021 0:57,16
221,161,6/5/2021 2:26,80
221,161,6/5/2021 2:32,31
221,161,6/5/2021 2:39,82
221,161,6/5/2021 2:42,68
221,161,6/5/2021 2:45,38
221,161,6/5/2021 2:50,29
221,161,6/5/2021 3:04,48
237,32,6/5/2021 8:47,31
144,185,6/5/2021 10:20,21
144,222,6/5/2021 10:25,70
144,195,6/5/2021 10:32,34
144,88,6/5/2021 10:45,36
144,238,6/5/2021 10:47,60
144,240,6/5/2021 10:49,27
144,23,6/5/2021 10:58,78
144,32,6/5/2021 11:16,65
144,48,6/5/2021 11:19,33
144,48,6/5/2021 11:35,85
144,48,6/5/2021 11:39,69
144,241,6/5/2021 11:59,79
247,248,6/6/2021 0:04,36
144,247,6/6/2021 2:23,28
260,51,6/6/2021 5:40,59
260,51,6/6/2021 5:49,40
260,51,6/6/2021 6:24,14
260,51,6/6/2021 6:44,16
260,267,6/6/2021 6:44,42
260,51,6/6/2021 6:55,59
260,51,6/6/2021 6:56,64
144,260,6/6/2021 8:20,24
260,127,6/6/2021 9:22,24
260,199,6/6/2021 9:32,14
260,127,6/6/2021 9:33,59
260,127,6/6/2021 9:46,35
286,221,6/6/2021 10:23,24
221,3,6/6/2021 11:40,19
260,287,6/6/2021 12:01,16
260,181,6/6/2021 14:40,61
79,166,6/6/2021 18:05,14
79,256,6/6/2021 18:07,67
79,260,6/6/2021 18:08,62
221,3,6/7/2021 0:20,20
221,6,6/7/2021 0:23,25
221,211,6/7/2021 0:32,13
260,51,6/7/2021 2:21,22
260,199,6/7/2021 2:22,82
260,79,6/7/2021 2:22,35
260,211,6/7/2021 2:23,42
260,181,6/7/2021 2:25,20
128,51,6/7/2021 6:16,56
128,51,6/7/2021 6:20,22
128,236,6/7/2021 6:24,39
128,51,6/7/2021 6:29,87
128,51,6/7/2021 6:31,26
260,51,6/7/2021 7:05,31
260,79,6/7/2021 7:06,83
128,211,6/7/2021 7:06,47
286,221,6/7/2021 7:09,31
317,315,6/7/2021 7:11,84
128,51,6/7/2021 7:14,34
286,34,6/7/2021 7:15,55
317,315,6/7/2021 7:17,86
128,236,6/7/2021 7:18,27
260,51,6/7/2021 7:18,66
286,34,6/7/2021 7:20,62
286,34,6/7/2021 7:30,61
144,193,6/7/2021 7:36,28
144,288,6/7/2021 7:48,87
144,88,6/7/2021 7:54,34
144,290,6/7/2021 8:04,63
144,48,6/7/2021 8:09,28
144,51,6/7/2021 8:13,29
144,99,6/7/2021 8:21,66
144,193,6/7/2021 8:29,77
144,99,6/7/2021 8:32,18
144,322,6/7/2021 8:34,27
144,193,6/7/2021 8:38,30
144,193,6/7/2021 8:39,15
144,99,6/7/2021 8:41,49
144,99,6/7/2021 8:50,49
144,99,6/7/2021 8:53,20
144,193,6/7/2021 8:59,31
144,99,6/7/2021 9:01,21
144,193,6/7/2021 9:03,25
144,99,6/7/2021 9:04,20
144,193,6/7/2021 9:06,23
144,99,6/7/2021 9:08,25
144,48,6/7/2021 9:11,64
144,48,6/7/2021 9:12,60
144,99,6/7/2021 9:14,23
144,48,6/7/2021 9:15,40
128,329,6/7/2021 9:34,28
332,333,6/7/2021 9:40,49
128,324,6/7/2021 9:50,31
332,281,6/7/2021 10:11,77
332,281,6/7/2021 10:13,57
128,324,6/7/2021 10:17,79
332,281,6/7/2021 10:17,55
128,324,6/7/2021 10:21,37
332,281,6/7/2021 10:21,87
332,281,6/7/2021 10:22,30
332,281,6/7/2021 10:23,83
332,281,6/7/2021 10:23,56
332,281,6/7/2021 10:31,64
128,221,6/7/2021 10:32,25
260,211,6/7/2021 10:32,24
128,324,6/7/2021 10:33,61
337,281,6/7/2021 10:36,20
337,260,6/7/2021 10:36,52
337,281,6/7/2021 10:37,63
337,281,6/7/2021 10:39,79
128,329,6/7/2021 10:55,70
260,338,6/7/2021 11:02,88
260,338,6/7/2021 11:02,44
317,311,6/7/2021 18:44,22
344,209,6/7/2021 19:23,43
332,308,6/7/2021 21:24,66
317,308,6/7/2021 22:23,17
317,308,6/7/2021 22:25,74
317,308,6/7/2021 22:29,11
317,308,6/7/2021 22:30,75
317,308,6/7/2021 22:31,74
317,308,6/7/2021 22:32,74
317,308,6/7/2021 22:32,70
317,308,6/7/2021 22:33,78
317,308,6/7/2021 22:33,38
317,308,6/7/2021 22:34,86
317,308,6/7/2021 22:35,54
317,308,6/7/2021 22:39,15
317,308,6/7/2021 22:39,51
317,308,6/7/2021 22:40,63
317,308,6/7/2021 22:40,67
317,308,6/7/2021 22:42,80
317,308,6/7/2021 22:43,67
317,308,6/7/2021 22:43,67
317,308,6/7/2021 22:44,65
317,308,6/7/2021 22:44,29
317,263,6/7/2021 22:48,50
317,263,6/7/2021 22:49,28
317,263,6/7/2021 22:49,18
317,263,6/7/2021 22:50,82
317,263,6/7/2021 22:55,84
317,254,6/7/2021 23:07,29
317,254,6/7/2021 23:07,80
317,254,6/7/2021 23:08,80
317,254,6/7/2021 23:08,47
317,254,6/7/2021 23:08,23
317,263,6/7/2021 23:09,63
317,254,6/7/2021 23:12,61
317,263,6/7/2021 23:12,51
317,254,6/7/2021 23:13,54
317,254,6/7/2021 23:13,43
317,254,6/7/2021 23:13,56
317,254,6/7/2021 23:18,10
317,254,6/7/2021 23:19,60
337,254,6/7/2021 23:20,65
337,254,6/7/2021 23:20,23
337,254,6/7/2021 23:23,30
337,281,6/7/2021 23:27,64
332,281,6/7/2021 23:29,58
317,191,6/7/2021 23:29,37
317,254,6/7/2021 23:29,70
332,281,6/7/2021 23:31,88
317,191,6/7/2021 23:32,46
317,191,6/7/2021 23:33,33
337,281,6/7/2021 23:34,75
337,281,6/7/2021 23:35,60
317,263,6/7/2021 23:36,72
317,254,6/7/2021 23:36,83
332,281,6/8/2021 0:00,31
332,281,6/8/2021 0:01,78
337,281,6/8/2021 0:01,68
337,281,6/8/2021 0:02,85
337,281,6/8/2021 0:11,76
337,281,6/8/2021 0:11,82
337,281,6/8/2021 0:13,73
337,281,6/8/2021 0:13,37
317,281,6/8/2021 0:16,79
317,319,6/8/2021 1:38,83
317,308,6/8/2021 1:41,56
332,281,6/8/2021 2:41,62
237,191,6/8/2021 3:11,45
332,308,6/8/2021 3:30,57
332,308,6/8/2021 3:33,79
332,308,6/8/2021 3:33,77
317,308,6/8/2021 3:42,61
332,263,6/8/2021 3:52,60
328,52,6/8/2021 4:04,32
332,316,6/8/2021 5:46,15
221,211,6/8/2021 6:05,43
221,128,6/8/2021 6:07,56
317,263,6/8/2021 7:04,14
162,161,6/8/2021 7:35,20
344,128,6/8/2021 7:49,87
332,281,6/8/2021 8:10,47
332,281,6/8/2021 8:11,30
332,281,6/8/2021 8:12,27
332,281,6/8/2021 8:12,31
286,221,6/8/2021 8:36,30
286,367,6/8/2021 8:49,46
286,202,6/8/2021 8:56,41
286,202,6/8/2021 8:56,32
286,202,6/8/2021 8:56,17
128,236,6/8/2021 9:05,23
144,281,6/8/2021 9:20,30
144,88,6/8/2021 9:24,20
144,142,6/8/2021 9:28,15
144,369,6/8/2021 9:34,16
144,370,6/8/2021 9:35,26
144,359,6/8/2021 9:36,78
144,283,6/8/2021 9:45,70
144,48,6/8/2021 9:55,38
332,281,6/8/2021 10:02,88
128,324,6/8/2021 10:17,86
332,281,6/8/2021 10:37,30
337,72,6/8/2021 10:50,20
337,72,6/8/2021 11:05,87
332,352,6/8/2021 11:16,44
128,236,6/8/2021 11:37,77
317,311,6/8/2021 17:09,17
79,365,6/8/2021 19:17,43
79,386,6/8/2021 19:19,39
386,50,6/8/2021 19:27,47
386,260,6/8/2021 19:29,46
386,50,6/8/2021 19:37,32
386,387,6/8/2021 19:40,58
386,50,6/8/2021 19:42,70
389,254,6/8/2021 22:24,26
337,63,6/8/2021 22:27,45
386,387,6/8/2021 23:31,63
386,343,6/8/2021 23:32,83
260,386,6/9/2021 0:00,50
332,308,6/9/2021 0:33,56
389,254,6/9/2021 5:00,48
389,62,6/9/2021 5:01,72
389,303,6/9/2021 5:01,47
79,365,6/9/2021 5:09,42
344,403,6/9/2021 6:11,63
260,283,6/9/2021 6:12,47
344,403,6/9/2021 6:23,11
344,403,6/9/2021 6:33,40
344,403,6/9/2021 6:37,25
344,403,6/9/2021 6:40,48
389,303,6/9/2021 7:23,14
344,172,6/9/2021 7:33,10
317,281,6/9/2021 7:45,67
317,308,6/9/2021 7:46,55
317,281,6/9/2021 8:11,54
317,281,6/9/2021 8:12,43
317,281,6/9/2021 8:16,17
422,212,6/9/2021 9:29,19
144,283,6/9/2021 9:57,85
144,48,6/9/2021 10:10,82
144,338,6/9/2021 10:11,15
144,413,6/9/2021 10:17,10
389,68,6/9/2021 10:19,84
144,374,6/9/2021 10:27,43
422,335,6/9/2021 11:16,25
422,194,6/9/2021 13:44,72
317,308,6/9/2021 17:12,70
386,399,6/9/2021 17:21,33
144,283,6/9/2021 20:19,57
389,62,6/9/2021 23:36,18
389,68,6/9/2021 23:37,27
389,62,6/9/2021 23:44,41
286,416,6/10/2021 0:43,26
317,308,6/10/2021 1:42,30
317,281,6/10/2021 1:43,11
260,448,6/10/2021 2:54,54
260,283,6/10/2021 2:55,81
260,236,6/10/2021 2:58,69
317,316,6/10/2021 4:12,10
389,454,6/10/2021 4:23,56
389,68,6/10/2021 4:52,77
389,236,6/10/2021 4:58,72
389,236,6/10/2021 5:59,73
389,68,6/10/2021 5:59,16
389,467,6/10/2021 6:04,85
286,468,6/10/2021 6:11,49
389,236,6/10/2021 6:27,26
469,463,6/10/2021 6:30,10
469,463,6/10/2021 6:36,60
469,463,6/10/2021 6:51,54
469,463,6/10/2021 7:01,80
317,309,6/10/2021 7:42,40
483,368,6/10/2021 8:16,47
483,368,6/10/2021 8:22,67
483,368,6/10/2021 8:30,27
483,368,6/10/2021 8:33,41
483,368,6/10/2021 8:52,33
317,281,6/10/2021 9:14,22
483,368,6/10/2021 9:18,54
317,429,6/10/2021 9:18,18
483,479,6/10/2021 9:20,54
483,479,6/10/2021 9:23,27
483,368,6/10/2021 9:24,49
389,68,6/10/2021 9:25,73
317,479,6/10/2021 9:25,49
389,236,6/10/2021 9:27,33
389,62,6/10/2021 9:28,10
483,368,6/10/2021 9:40,72
128,493,6/10/2021 9:43,50
389,236,6/10/2021 9:47,76
389,236,6/10/2021 10:13,81
483,368,6/10/2021 10:16,52
483,368,6/10/2021 10:23,49
483,368,6/10/2021 10:27,47
483,368,6/10/2021 10:29,13
483,368,6/10/2021 10:31,63
483,368,6/10/2021 10:36,66
389,263,6/10/2021 10:41,23
389,236,6/10/2021 10:53,28
344,263,6/10/2021 10:57,37
483,368,6/10/2021 11:00,13
332,263,6/10/2021 11:26,39
221,368,6/10/2021 11:33,47
128,325,6/10/2021 12:12,43
128,62,6/10/2021 12:13,14
128,62,6/10/2021 12:22,82
128,62,6/10/2021 12:29,82
483,368,6/10/2021 16:27,61
344,263,6/10/2021 18:45,45
344,194,6/10/2021 18:46,57
509,454,6/10/2021 19:48,42
260,236,6/10/2021 20:00,21
260,51,6/10/2021 20:01,69
128,325,6/10/2021 21:14,70
128,325,6/10/2021 21:29,13
317,308,6/10/2021 21:58,51
422,365,6/10/2021 22:05,31
422,460,6/10/2021 22:12,54
518,345,6/10/2021 23:30,72
483,368,6/10/2021 23:39,54
521,305,6/10/2021 23:45,51
389,496,6/10/2021 23:54,57
469,519,6/11/2021 0:03,23
469,463,6/11/2021 0:12,80
422,365,6/11/2021 0:41,62
389,424,6/11/2021 3:46,20
483,62,6/11/2021 5:01,44
483,62,6/11/2021 5:06,29
483,62,6/11/2021 5:07,45
128,62,6/11/2021 5:24,36
389,482,6/11/2021 6:27,42
389,424,6/11/2021 6:29,27
389,467,6/11/2021 6:43,75
509,454,6/11/2021 6:51,15
509,454,6/11/2021 6:52,34
386,387,6/11/2021 7:23,18
509,534,6/11/2021 7:23,49
469,97,6/11/2021 8:24,69
422,536,6/11/2021 9:11,73
422,97,6/11/2021 9:18,37
128,62,6/11/2021 10:30,61
128,236,6/11/2021 10:35,35
128,236,6/11/2021 10:52,80
144,398,6/11/2021 10:56,71
128,236,6/11/2021 11:02,82
128,97,6/11/2021 11:03,73
128,236,6/11/2021 11:11,65
128,236,6/11/2021 11:20,70
389,482,6/11/2021 20:09,11
389,456,6/11/2021 20:09,71
509,389,6/11/2021 20:51,30
509,536,6/11/2021 20:52,48
509,536,6/11/2021 21:11,18
509,536,6/11/2021 21:14,38
509,97,6/11/2021 22:52,44
509,454,6/11/2021 23:03,66
509,302,6/11/2021 23:03,45
509,302,6/11/2021 23:16,45
509,302,6/11/2021 23:20,53
509,302,6/11/2021 23:35,61
509,236,6/11/2021 23:47,59
509,272,6/11/2021 23:48,57
509,302,6/11/2021 23:53,15
509,302,6/11/2021 23:55,59
509,236,6/11/2021 23:57,20
509,302,6/11/2021 23:58,74
509,236,6/11/2021 23:58,19
509,236,6/11/2021 23:58,29
509,236,6/12/2021 0:00,31
509,302,6/12/2021 0:01,10
509,302,6/12/2021 0:02,76
260,241,6/12/2021 1:35,26
128,236,6/12/2021 1:50,53
389,509,6/12/2021 2:16,57
389,559,6/12/2021 2:18,47
144,398,6/12/2021 3:26,77
389,482,6/12/2021 4:30,61
389,193,6/12/2021 5:01,51
286,549,6/12/2021 5:56,64
389,193,6/12/2021 7:05,73
389,252,6/12/2021 7:06,88
389,252,6/12/2021 7:15,39
389,252,6/12/2021 7:27,36
389,252,6/12/2021 7:27,18
389,252,6/12/2021 7:29,42
260,283,6/12/2021 7:52,45
483,127,6/12/2021 8:08,87
370,568,6/12/2021 9:23,21
389,252,6/12/2021 9:23,77
128,236,6/12/2021 9:43,59
422,536,6/12/2021 9:44,11
128,236,6/12/2021 9:59,27
422,536,6/12/2021 10:15,23
128,236,6/12/2021 10:33,61
144,283,6/12/2021 10:52,82
144,456,6/12/2021 10:59,50
144,48,6/12/2021 11:05,46
144,48,6/12/2021 11:07,26
144,48,6/12/2021 11:11,68
144,48,6/12/2021 11:16,62
144,48,6/12/2021 11:19,81
128,571,6/12/2021 12:04,71
128,571,6/12/2021 12:15,30
128,571,6/12/2021 12:19,17
128,571,6/12/2021 12:30,51
128,571,6/12/2021 12:31,28
317,308,6/12/2021 20:09,33
389,252,6/12/2021 22:54,35
389,193,6/12/2021 22:56,85
128,236,6/12/2021 23:43,33
422,536,6/13/2021 1:04,35
509,454,6/13/2021 1:26,39
422,449,6/13/2021 3:17,66
586,252,6/13/2021 5:31,66
586,589,6/13/2021 5:51,26
586,481,6/13/2021 5:56,20
422,549,6/13/2021 6:05,20
422,285,6/13/2021 6:08,81
586,481,6/13/2021 6:20,82
586,481,6/13/2021 6:21,53
422,285,6/13/2021 6:21,59
586,481,6/13/2021 6:23,42
586,538,6/13/2021 6:24,39
586,389,6/13/2021 6:25,77
586,481,6/13/2021 6:29,28
317,571,6/13/2021 6:39,64
389,252,6/13/2021 7:11,11
389,193,6/13/2021 7:12,88
509,272,6/13/2021 7:15,64
586,389,6/13/2021 7:24,82
509,454,6/13/2021 7:30,65
389,193,6/13/2021 8:11,64
469,463,6/13/2021 8:11,66
389,193,6/13/2021 8:52,86
389,193,6/13/2021 9:09,14
162,161,6/13/2021 9:10,18
469,463,6/13/2021 9:12,42
389,193,6/13/2021 9:41,22
389,542,6/13/2021 9:43,72
389,289,6/13/2021 9:44,64
598,542,6/13/2021 9:44,16
389,289,6/13/2021 9:45,79
598,542,6/13/2021 9:46,17
389,542,6/13/2021 9:47,36
598,542,6/13/2021 9:50,33
128,236,6/13/2021 9:51,18
389,542,6/13/2021 9:51,88
389,542,6/13/2021 9:55,17
389,542,6/13/2021 10:00,25
128,324,6/13/2021 10:02,87
389,542,6/13/2021 10:05,51
389,542,6/13/2021 10:09,23
317,368,6/13/2021 10:11,22
389,542,6/13/2021 10:14,20
317,368,6/13/2021 10:17,35
389,542,6/13/2021 10:18,35
586,409,6/13/2021 10:25,16
586,389,6/13/2021 10:26,49
144,142,6/13/2021 10:26,72
598,567,6/13/2021 10:42,50
598,289,6/13/2021 10:42,69
598,542,6/13/2021 10:44,10
598,289,6/13/2021 10:45,28
598,103,6/13/2021 10:46,78
144,561,6/13/2021 10:52,36
605,272,6/13/2021 10:58,85
598,103,6/13/2021 10:58,54
598,103,6/13/2021 11:04,63
605,263,6/13/2021 11:11,50
598,103,6/13/2021 11:12,13
605,263,6/13/2021 11:15,20
598,103,6/13/2021 11:18,74
605,263,6/13/2021 11:20,16
605,263,6/13/2021 11:25,79
605,263,6/13/2021 11:29,48
605,263,6/13/2021 11:31,30
605,263,6/13/2021 11:35,15
422,391,6/13/2021 11:35,83
605,263,6/13/2021 11:39,12
598,542,6/13/2021 11:42,13
605,263,6/13/2021 11:42,70
605,308,6/13/2021 11:53,77
605,337,6/13/2021 12:06,52
128,324,6/13/2021 15:12,14
128,236,6/13/2021 15:19,82
509,454,6/13/2021 18:07,49
422,62,6/13/2021 18:13,25
509,454,6/13/2021 18:13,60
605,308,6/13/2021 19:17,54
598,67,6/13/2021 19:22,20
598,32,6/13/2021 19:24,64
586,300,6/13/2021 19:35,24
586,460,6/13/2021 19:38,71
586,607,6/13/2021 19:42,47
386,387,6/13/2021 20:14,47
386,609,6/13/2021 20:17,53
509,454,6/13/2021 20:48,53
509,454,6/13/2021 21:59,66
422,536,6/13/2021 22:32,69
422,449,6/13/2021 22:33,86
605,302,6/13/2021 23:16,53
586,386,6/14/2021 1:12,83
586,607,6/14/2021 1:15,85
509,454,6/14/2021 1:19,64
144,635,6/14/2021 2:30,38
422,394,6/14/2021 2:51,37
422,607,6/14/2021 2:55,87
586,349,6/14/2021 3:55,86
128,236,6/14/2021 5:15,54
389,193,6/14/2021 5:17,32
422,389,6/14/2021 5:37,24
389,422,6/14/2021 5:39,24
422,389,6/14/2021 5:42,38
389,422,6/14/2021 5:43,20
422,389,6/14/2021 5:45,49
389,422,6/14/2021 5:47,49
422,389,6/14/2021 5:49,67
389,422,6/14/2021 5:52,37
422,389,6/14/2021 5:55,61
389,422,6/14/2021 5:55,45
422,389,6/14/2021 5:56,57
389,422,6/14/2021 5:59,11
509,454,6/14/2021 6:00,38
162,368,6/14/2021 6:29,38
643,638,6/14/2021 7:04,12
605,272,6/14/2021 8:03,84
605,266,6/14/2021 8:08,21
422,285,6/14/2021 8:09,59
605,103,6/14/2021 8:12,15
605,266,6/14/2021 8:13,14
605,103,6/14/2021 8:16,38
605,289,6/14/2021 8:21,32
422,394,6/14/2021 8:23,47
605,103,6/14/2021 8:23,80
605,289,6/14/2021 8:24,35
605,103,6/14/2021 8:27,78
605,289,6/14/2021 8:28,14
605,289,6/14/2021 8:31,59
605,103,6/14/2021 8:36,46
280,321,6/14/2021 8:37,62
317,368,6/14/2021 8:53,16
422,194,6/14/2021 8:53,21
317,6,6/14/2021 8:55,76
605,103,6/14/2021 8:55,15
317,308,6/14/2021 8:58,59
605,103,6/14/2021 8:59,49
605,74,6/14/2021 9:00,12
605,103,6/14/2021 9:01,68
605,74,6/14/2021 9:05,13
317,6,6/14/2021 9:05,36
605,74,6/14/2021 9:08,47
317,6,6/14/2021 9:10,11
605,74,6/14/2021 9:14,18
605,74,6/14/2021 9:16,30
605,272,6/14/2021 9:17,58
317,316,6/14/2021 9:23,59
317,325,6/14/2021 9:26,15
317,325,6/14/2021 9:29,55
317,316,6/14/2021 9:30,70
605,263,6/14/2021 9:50,58
344,254,6/14/2021 9:58,17
605,413,6/14/2021 10:18,56
605,413,6/14/2021 10:21,83
605,413,6/14/2021 10:26,83
128,685,6/14/2021 10:27,72
605,413,6/14/2021 10:30,30
605,413,6/14/2021 10:32,83
605,263,6/14/2021 10:34,70
605,413,6/14/2021 10:36,46
605,263,6/14/2021 10:37,62
605,263,6/14/2021 10:38,75
605,413,6/14/2021 10:42,73
422,375,6/14/2021 10:42,45
605,413,6/14/2021 10:46,82
605,413,6/14/2021 10:51,62
605,413,6/14/2021 10:56,14
605,413,6/14/2021 10:59,21
605,413,6/14/2021 11:06,87
605,413,6/14/2021 11:12,24
586,300,6/14/2021 19:19,49
586,638,6/14/2021 19:21,12
586,666,6/14/2021 19:24,27
586,252,6/14/2021 19:28,28
586,481,6/14/2021 19:28,84
698,184,6/14/2021 20:47,50
337,220,6/14/2021 21:00,56
337,220,6/14/2021 21:05,75
337,220,6/14/2021 21:06,12
605,337,6/14/2021 21:39,14
605,272,6/14/2021 21:45,27
698,184,6/14/2021 21:45,64
509,454,6/14/2021 21:46,77
698,184,6/14/2021 21:49,75
509,616,6/14/2021 21:49,58
509,698,6/14/2021 21:53,30
509,513,6/14/2021 21:53,21
79,8,6/14/2021 21:55,33
389,236,6/14/2021 22:04,46
509,454,6/14/2021 22:05,62
509,389,6/14/2021 22:08,66
509,454,6/14/2021 22:10,18
509,454,6/14/2021 22:12,65
509,454,6/14/2021 22:14,37
509,454,6/14/2021 22:17,13
162,368,6/14/2021 22:17,12
509,302,6/14/2021 22:20,22
509,454,6/14/2021 22:21,67
509,454,6/14/2021 22:25,37
509,454,6/14/2021 22:27,43
317,308,6/14/2021 23:03,22
389,236,6/14/2021 23:08,51
317,680,6/14/2021 23:10,72
317,659,6/14/2021 23:17,80
598,252,6/14/2021 23:19,81
598,289,6/14/2021 23:20,58
598,482,6/14/2021 23:23,18
598,252,6/14/2021 23:40,50
598,252,6/14/2021 23:51,15
598,252,6/14/2021 23:52,27
598,542,6/15/2021 0:07,50
586,589,6/15/2021 0:09,16
586,252,6/15/2021 0:10,63
586,481,6/15/2021 0:10,39
586,481,6/15/2021 0:12,68
586,616,6/15/2021 0:15,68
586,698,6/15/2021 0:29,28
422,673,6/15/2021 0:31,78
422,598,6/15/2021 0:37,13
605,272,6/15/2021 0:49,24
422,673,6/15/2021 1:06,32
586,673,6/15/2021 1:37,17
586,673,6/15/2021 1:42,68
337,220,6/15/2021 2:00,61
337,673,6/15/2021 2:03,79
286,400,6/15/2021 2:12,25
705,154,6/15/2021 2:44,35
586,673,6/15/2021 2:47,44
586,687,6/15/2021 2:47,76
586,687,6/15/2021 2:49,61
586,616,6/15/2021 2:50,33
337,673,6/15/2021 3:13,46
337,649,6/15/2021 3:30,25
337,281,6/15/2021 3:31,14
337,649,6/15/2021 3:41,72
337,583,6/15/2021 3:43,15
586,402,6/15/2021 4:18,59
586,707,6/15/2021 4:23,37
509,707,6/15/2021 4:34,40
598,400,6/15/2021 4:58,58
705,707,6/15/2021 5:01,72
705,710,6/15/2021 5:04,83
705,710,6/15/2021 5:04,79
705,710,6/15/2021 5:04,35
598,400,6/15/2021 5:32,29
598,400,6/15/2021 5:32,24
598,400,6/15/2021 5:39,32
586,687,6/15/2021 5:47,71
598,400,6/15/2021 5:48,15
598,400,6/15/2021 5:48,68
598,400,6/15/2021 5:55,84
598,400,6/15/2021 6:00,45
586,616,6/15/2021 6:14,21
162,161,6/15/2021 6:18,29
705,707,6/15/2021 6:41,59
598,259,6/15/2021 6:48,14
598,351,6/15/2021 6:48,66
598,252,6/15/2021 6:49,25
337,632,6/15/2021 7:08,12
598,337,6/15/2021 7:28,36
598,337,6/15/2021 7:28,15
725,389,6/15/2021 7:34,86
317,308,6/15/2021 7:34,44
337,598,6/15/2021 7:35,68
725,607,6/15/2021 7:41,52
725,707,6/15/2021 7:43,48
337,263,6/15/2021 7:52,34
337,263,6/15/2021 7:56,68
128,236,6/15/2021 7:58,68
598,337,6/15/2021 8:08,40
337,598,6/15/2021 8:11,24
518,644,6/15/2021 8:19,44
389,236,6/15/2021 8:38,50
605,74,6/15/2021 8:53,17
605,74,6/15/2021 9:02,39
605,88,6/15/2021 9:06,24
337,281,6/15/2021 9:12,46
605,337,6/15/2021 9:12,26
605,337,6/15/2021 9:13,65
605,317,6/15/2021 9:14,39
605,337,6/15/2021 9:16,19
605,625,6/15/2021 9:17,44
605,337,6/15/2021 9:17,14
605,368,6/15/2021 9:21,81
605,368,6/15/2021 9:23,17
605,368,6/15/2021 9:28,59
605,254,6/15/2021 9:29,60
605,254,6/15/2021 9:31,57
605,254,6/15/2021 9:33,34
605,74,6/15/2021 9:35,65
605,368,6/15/2021 9:35,30
605,368,6/15/2021 9:38,30
332,281,6/15/2021 9:42,31
605,368,6/15/2021 9:43,84
605,726,6/15/2021 9:45,38
605,368,6/15/2021 9:48,54
605,368,6/15/2021 9:53,85
605,368,6/15/2021 9:59,15
605,413,6/15/2021 10:03,20
605,368,6/15/2021 10:06,48
605,726,6/15/2021 10:07,88
605,368,6/15/2021 10:09,39
605,337,6/15/2021 10:12,30
260,567,6/15/2021 10:54,25
260,571,6/15/2021 10:54,81
260,283,6/15/2021 10:55,53
260,174,6/15/2021 10:57,67
260,236,6/15/2021 10:58,71
260,688,6/15/2021 10:58,61
128,236,6/15/2021 11:15,38
128,715,6/15/2021 11:22,85
128,236,6/15/2021 12:31,15
509,616,6/15/2021 18:09,15
509,454,6/15/2021 18:13,21
509,316,6/15/2021 18:15,44
509,302,6/15/2021 18:18,66
509,306,6/15/2021 18:22,55
509,260,6/15/2021 18:25,84
286,400,6/15/2021 19:57,12
605,88,6/15/2021 20:05,27
260,509,6/15/2021 20:13,45
260,283,6/15/2021 20:15,32
260,103,6/15/2021 20:16,44
605,124,6/15/2021 20:31,75
605,124,6/15/2021 20:39,87
605,124,6/15/2021 20:46,87
605,124,6/15/2021 20:58,12
752,502,6/15/2021 21:09,57
752,502,6/15/2021 21:17,87
752,502,6/15/2021 21:22,72
752,502,6/15/2021 21:28,64
752,502,6/15/2021 21:50,10
605,124,6/15/2021 21:59,85
317,617,6/15/2021 22:11,26
317,739,6/15/2021 22:13,40
317,617,6/15/2021 22:13,48
605,124,6/15/2021 22:18,44
605,124,6/15/2021 22:19,64
509,454,6/15/2021 23:12,85
389,727,6/15/2021 23:16,30
389,236,6/15/2021 23:17,68
389,73,6/15/2021 23:18,62
389,482,6/15/2021 23:20,20
389,236,6/15/2021 23:47,59
734,727,6/16/2021 1:15,85
643,758,6/16/2021 1:15,51
586,758,6/16/2021 3:13,73
586,183,6/16/2021 3:17,16
586,504,6/16/2021 3:20,59
586,454,6/16/2021 3:25,43
605,272,6/16/2021 3:27,11
605,74,6/16/2021 3:30,22
177,394,6/16/2021 3:31,74
177,514,6/16/2021 3:32,16
605,74,6/16/2021 3:32,75
162,161,6/16/2021 3:36,53
605,617,6/16/2021 4:27,49
725,474,6/16/2021 5:16,21
509,616,6/16/2021 6:34,63
509,454,6/16/2021 6:34,27
509,272,6/16/2021 6:35,71
509,316,6/16/2021 6:36,25
509,306,6/16/2021 6:37,52
509,272,6/16/2021 6:37,63
509,592,6/16/2021 6:42,73
509,364,6/16/2021 6:44,54
509,592,6/16/2021 6:45,31
509,140,6/16/2021 6:47,62
509,758,6/16/2021 6:48,47
605,272,6/16/2021 7:32,84
586,758,6/16/2021 7:35,25
605,317,6/16/2021 7:41,83
509,454,6/16/2021 7:46,51
605,341,6/16/2021 7:55,51
509,389,6/16/2021 7:58,40
509,454,6/16/2021 7:59,38
389,482,6/16/2021 8:02,69
389,236,6/16/2021 8:03,88
389,727,6/16/2021 8:04,77
389,73,6/16/2021 8:04,27
605,511,6/16/2021 8:15,57
776,401,6/16/2021 8:17,54
605,400,6/16/2021 8:18,54
776,773,6/16/2021 8:19,81
605,272,6/16/2021 8:20,47
605,400,6/16/2021 8:22,36
605,644,6/16/2021 8:26,49
605,400,6/16/2021 8:28,31
586,774,6/16/2021 8:29,24
586,768,6/16/2021 8:33,30
605,644,6/16/2021 8:33,78
586,774,6/16/2021 8:35,73
605,400,6/16/2021 8:36,71
605,272,6/16/2021 8:45,56
605,644,6/16/2021 8:48,83
586,774,6/16/2021 8:54,53
286,400,6/16/2021 8:56,42
128,372,6/16/2021 8:59,39
586,454,6/16/2021 8:59,28
386,514,6/16/2021 8:59,17
286,400,6/16/2021 9:04,27
128,372,6/16/2021 9:23,67
598,652,6/16/2021 9:34,50
598,652,6/16/2021 9:34,15
605,289,6/16/2021 9:35,67
128,629,6/16/2021 9:36,28
605,289,6/16/2021 9:41,49
389,372,6/16/2021 9:44,84
389,184,6/16/2021 9:44,20
605,289,6/16/2021 9:44,61
598,289,6/16/2021 9:47,49
286,339,6/16/2021 9:47,12
128,542,6/16/2021 9:52,78
483,583,6/16/2021 10:08,56
483,782,6/16/2021 10:09,12
128,542,6/16/2021 11:01,24
128,687,6/16/2021 11:03,47
128,542,6/16/2021 11:07,35
128,542,6/16/2021 11:12,54
128,236,6/16/2021 11:16,80
128,542,6/16/2021 11:17,43
128,542,6/16/2021 11:26,34
128,542,6/16/2021 11:35,82
128,542,6/16/2021 11:47,22
128,542,6/16/2021 12:05,21
128,542,6/16/2021 12:05,46
752,278,6/16/2021 19:04,29
422,297,6/16/2021 19:10,72
177,514,6/16/2021 19:30,12
586,309,6/16/2021 19:46,55
586,309,6/16/2021 19:49,43
598,342,6/16/2021 19:55,13
586,784,6/16/2021 21:06,31
605,734,6/16/2021 21:08,19
586,598,6/16/2021 21:10,67
337,649,6/16/2021 21:13,81
509,364,6/16/2021 21:13,15
337,769,6/16/2021 21:13,53
586,534,6/16/2021 21:15,79
586,244,6/16/2021 21:17,17
128,629,6/16/2021 21:27,50
509,364,6/16/2021 21:44,67
509,316,6/16/2021 21:44,19
509,454,6/16/2021 21:45,20
725,719,6/16/2021 21:45,76
605,617,6/16/2021 21:48,23
605,337,6/16/2021 21:49,81
605,332,6/16/2021 21:50,34
128,687,6/16/2021 21:54,61
128,372,6/16/2021 22:05,57
705,788,6/16/2021 22:22,58
705,788,6/16/2021 22:23,76
705,803,6/16/2021 22:29,50
705,803,6/16/2021 22:29,87
752,502,6/16/2021 22:31,50
586,804,6/16/2021 22:33,49
483,325,6/16/2021 23:14,11
483,583,6/16/2021 23:14,21
483,583,6/16/2021 23:14,44
483,194,6/16/2021 23:15,62
483,782,6/16/2021 23:16,53
317,343,6/16/2021 23:47,17
483,325,6/16/2021 23:59,21
128,372,6/17/2021 0:03,56
605,341,6/17/2021 0:47,20
586,504,6/17/2021 0:49,35
469,806,6/17/2021 1:07,69
605,617,6/17/2021 1:16,65
605,617,6/17/2021 1:18,46
605,617,6/17/2021 1:23,54
605,272,6/17/2021 1:24,61
705,299,6/17/2021 1:32,73
586,244,6/17/2021 1:34,66
586,183,6/17/2021 1:36,53
586,504,6/17/2021 1:45,63
586,244,6/17/2021 2:20,58
586,244,6/17/2021 2:21,72
605,734,6/17/2021 2:28,28
705,712,6/17/2021 3:28,40
705,712,6/17/2021 3:28,59
815,364,6/17/2021 3:31,32
586,244,6/17/2021 4:06,18
586,815,6/17/2021 4:07,76
586,816,6/17/2021 4:08,74
725,547,6/17/2021 4:35,55
389,598,6/17/2021 4:36,25
389,448,6/17/2021 4:42,26
389,640,6/17/2021 4:44,39
725,547,6/17/2021 4:46,66
725,547,6/17/2021 4:53,70
128,372,6/17/2021 5:16,57
605,734,6/17/2021 5:24,88
605,74,6/17/2021 5:25,35
605,734,6/17/2021 5:27,44
389,29,6/17/2021 5:31,66
605,272,6/17/2021 5:32,44
605,272,6/17/2021 5:37,43
605,32,6/17/2021 5:46,21
705,299,6/17/2021 5:55,14
605,224,6/17/2021 5:55,33
605,224,6/17/2021 6:01,59
605,224,6/17/2021 6:03,55
605,194,6/17/2021 6:09,83
605,74,6/17/2021 6:30,12
605,74,6/17/2021 6:30,75
605,263,6/17/2021 6:53,36
605,263,6/17/2021 6:57,47
605,263,6/17/2021 7:00,36
605,263,6/17/2021 7:04,51
705,825,6/17/2021 7:07,30
586,504,6/17/2021 7:13,33
605,74,6/17/2021 7:15,70
386,343,6/17/2021 7:18,54
386,790,6/17/2021 7:19,59
605,32,6/17/2021 7:21,46
586,244,6/17/2021 7:22,32
605,32,6/17/2021 7:24,69
605,32,6/17/2021 7:26,81
605,32,6/17/2021 7:28,58
128,372,6/17/2021 7:41,21
605,32,6/17/2021 7:44,74
605,32,6/17/2021 7:47,81
605,73,6/17/2021 7:47,57
128,372,6/17/2021 7:51,36
337,769,6/17/2021 8:08,15
128,372,6/17/2021 8:08,82
605,337,6/17/2021 8:13,39
598,644,6/17/2021 8:39,29
598,68,6/17/2021 8:40,54
598,124,6/17/2021 8:44,83
643,638,6/17/2021 8:54,15
605,557,6/17/2021 9:00,52
605,29,6/17/2021 9:03,24
605,795,6/17/2021 9:10,45
605,557,6/17/2021 9:14,60
605,29,6/17/2021 9:15,78
605,263,6/17/2021 9:16,69
605,29,6/17/2021 9:21,36
605,557,6/17/2021 9:22,35
586,832,6/17/2021 9:24,78
605,557,6/17/2021 9:29,10
605,32,6/17/2021 9:31,86
605,596,6/17/2021 9:33,56
605,557,6/17/2021 9:37,60
605,462,6/17/2021 9:39,47
605,557,6/17/2021 9:41,64
605,462,6/17/2021 9:43,18
605,462,6/17/2021 9:47,84
605,557,6/17/2021 9:48,14
605,462,6/17/2021 9:50,60
605,462,6/17/2021 9:56,10
605,462,6/17/2021 10:03,75
605,29,6/17/2021 10:11,34
605,29,6/17/2021 10:14,72
605,640,6/17/2021 10:16,66
605,704,6/17/2021 10:16,65
605,704,6/17/2021 10:16,84
605,704,6/17/2021 10:17,64
605,704,6/17/2021 10:17,75
605,704,6/17/2021 10:20,44
605,462,6/17/2021 10:20,84
605,442,6/17/2021 10:21,75
605,704,6/17/2021 10:22,51
605,704,6/17/2021 10:23,55
605,704,6/17/2021 10:25,18
605,704,6/17/2021 10:26,86
605,704,6/17/2021 10:27,13
605,704,6/17/2021 10:27,41
605,704,6/17/2021 10:28,52
605,704,6/17/2021 10:30,30
605,704,6/17/2021 10:31,54
605,704,6/17/2021 10:33,54
605,704,6/17/2021 10:33,36
605,704,6/17/2021 10:35,86
605,704,6/17/2021 10:38,39
605,704,6/17/2021 10:39,13
605,372,6/17/2021 10:39,84
605,704,6/17/2021 10:41,74
605,704,6/17/2021 10:42,21
605,372,6/17/2021 10:43,40
605,704,6/17/2021 10:45,44
605,372,6/17/2021 10:45,51
605,704,6/17/2021 10:46,64
605,704,6/17/2021 10:46,13
605,704,6/17/2021 10:47,18
605,704,6/17/2021 10:48,10
605,704,6/17/2021 10:51,51
605,704,6/17/2021 10:53,11
605,317,6/17/2021 10:55,21
605,704,6/17/2021 10:55,27
605,704,6/17/2021 10:57,88
605,681,6/17/2021 10:58,14
128,542,6/17/2021 11:25,30
128,542,6/17/2021 12:10,84
422,297,6/17/2021 12:24,30
422,297,6/17/2021 12:25,76
337,605,6/17/2021 18:03,79
509,364,6/17/2021 18:17,36
509,306,6/17/2021 18:22,33
586,504,6/17/2021 19:19,50
586,687,6/17/2021 19:20,88
586,244,6/17/2021 19:22,49
317,605,6/17/2021 19:58,27
337,771,6/17/2021 20:15,20
337,777,6/17/2021 20:39,49
605,681,6/17/2021 21:03,57
605,73,6/17/2021 21:03,41
605,337,6/17/2021 21:04,71
605,704,6/17/2021 21:04,31
605,317,6/17/2021 21:05,20
586,244,6/17/2021 21:43,55
605,704,6/17/2021 21:59,67
469,463,6/17/2021 22:02,25
389,644,6/17/2021 23:09,53
389,640,6/17/2021 23:09,13
389,830,6/17/2021 23:10,58
605,350,6/18/2021 2:30,70
605,73,6/18/2021 3:21,13
605,704,6/18/2021 3:22,52
605,60,6/18/2021 3:23,10
605,272,6/18/2021 3:24,36
605,73,6/18/2021 3:27,66
725,728,6/18/2021 4:03,12
128,715,6/18/2021 4:28,16
389,74,6/18/2021 4:37,73
389,830,6/18/2021 4:37,35
869,823,6/18/2021 5:17,70
389,830,6/18/2021 5:51,74
776,793,6/18/2021 5:53,36
776,401,6/18/2021 5:54,53
469,806,6/18/2021 7:14,56
469,598,6/18/2021 7:19,82
422,391,6/18/2021 7:20,41
516,617,6/18/2021 8:17,36
605,704,6/18/2021 8:42,87
605,103,6/18/2021 8:48,49
605,103,6/18/2021 8:51,34
605,103,6/18/2021 8:57,39
605,770,6/18/2021 8:58,50
605,770,6/18/2021 9:00,11
605,103,6/18/2021 9:01,86
605,770,6/18/2021 9:02,64
605,770,6/18/2021 9:05,84
605,254,6/18/2021 9:24,33
605,254,6/18/2021 9:27,27
605,254,6/18/2021 9:30,81
605,254,6/18/2021 9:31,14
605,254,6/18/2021 9:32,27
605,254,6/18/2021 9:34,48
605,254,6/18/2021 9:37,75
605,254,6/18/2021 9:38,14
605,881,6/18/2021 9:39,34
605,830,6/18/2021 9:40,34
605,830,6/18/2021 9:48,54
605,881,6/18/2021 9:49,73
605,254,6/18/2021 9:49,61
605,830,6/18/2021 9:53,13
605,881,6/18/2021 9:56,68
605,830,6/18/2021 9:57,65
605,73,6/18/2021 9:59,77
605,881,6/18/2021 9:59,14
605,830,6/18/2021 10:01,58
605,830,6/18/2021 10:03,82
605,830,6/18/2021 10:06,39
605,830,6/18/2021 10:09,32
605,881,6/18/2021 10:11,44
260,174,6/18/2021 10:16,68
605,830,6/18/2021 10:16,74
260,704,6/18/2021 10:16,29
260,103,6/18/2021 10:17,45
605,830,6/18/2021 10:18,71
260,174,6/18/2021 10:18,55
605,830,6/18/2021 10:21,47
605,830,6/18/2021 10:23,19
260,283,6/18/2021 10:25,29
260,688,6/18/2021 10:26,85
260,250,6/18/2021 10:27,10
605,830,6/18/2021 10:27,28
260,338,6/18/2021 10:27,40
605,830,6/18/2021 10:30,11
605,830,6/18/2021 10:33,57
605,830,6/18/2021 10:35,75
370,765,6/18/2021 10:44,50
317,605,6/18/2021 10:53,16
598,194,6/18/2021 11:33,16
734,400,6/18/2021 18:11,22
598,252,6/18/2021 19:38,29
598,830,6/18/2021 19:39,40
598,342,6/18/2021 19:40,13
598,469,6/18/2021 19:41,19
598,687,6/18/2021 19:41,86
598,68,6/18/2021 19:43,50
598,194,6/18/2021 19:43,69
260,9,6/18/2021 20:34,21
173,400,6/18/2021 20:37,79
173,749,6/18/2021 20:44,49
586,598,6/18/2021 21:39,55
509,364,6/18/2021 22:10,77
509,513,6/18/2021 22:10,61
509,707,6/18/2021 22:13,58
586,768,6/18/2021 23:22,26
389,41,6/18/2021 23:47,27
389,640,6/18/2021 23:48,20
389,640,6/18/2021 23:49,72
389,242,6/18/2021 23:50,42
389,194,6/18/2021 23:50,40
389,830,6/18/2021 23:51,33
422,194,6/19/2021 0:56,76
586,768,6/19/2021 4:10,80
128,629,6/19/2021 5:09,32
128,629,6/19/2021 5:10,27
734,131,6/19/2021 5:54,58
734,103,6/19/2021 5:56,35
734,103,6/19/2021 6:04,31
734,103,6/19/2021 6:07,13
734,103,6/19/2021 6:12,38
734,103,6/19/2021 6:14,87
734,103,6/19/2021 6:15,86
734,103,6/19/2021 6:23,31
734,103,6/19/2021 6:28,27
483,768,6/19/2021 8:08,56
422,386,6/19/2021 8:30,73
422,768,6/19/2021 8:36,27
422,835,6/19/2021 8:39,46
237,711,6/19/2021 9:15,39
237,308,6/19/2021 9:50,68
725,928,6/19/2021 9:51,76
598,794,6/19/2021 10:00,40
725,928,6/19/2021 10:07,35
128,934,6/19/2021 10:22,60
370,278,6/19/2021 10:33,73
408,254,6/19/2021 11:12,51
408,388,6/19/2021 11:16,53
408,388,6/19/2021 11:33,83
734,617,6/19/2021 20:41,30
586,308,6/19/2021 22:01,51
586,538,6/19/2021 22:06,41
128,715,6/19/2021 23:04,49
725,928,6/19/2021 23:31,34
509,513,6/19/2021 23:41,40
509,272,6/19/2021 23:42,63
586,308,6/19/2021 23:46,67
586,952,6/19/2021 23:49,61
725,928,6/20/2021 3:22,64
725,928,6/20/2021 3:53,46
725,928,6/20/2021 4:35,39
725,928,6/20/2021 5:02,63
725,928,6/20/2021 5:29,74
725,840,6/20/2021 5:41,39
734,617,6/20/2021 5:42,17
725,840,6/20/2021 6:02,84
725,840,6/20/2021 6:11,82
725,928,6/20/2021 6:14,21
586,952,6/20/2021 6:16,16
586,654,6/20/2021 6:19,71
586,538,6/20/2021 6:20,86
586,840,6/20/2021 6:21,41
516,194,6/20/2021 7:16,11
389,242,6/20/2021 7:29,39
389,830,6/20/2021 7:31,84
725,928,6/20/2021 7:31,40
389,619,6/20/2021 7:31,45
389,41,6/20/2021 7:32,13
389,498,6/20/2021 7:32,71
389,830,6/20/2021 7:37,38
389,498,6/20/2021 7:38,63
586,840,6/20/2021 7:48,25
586,654,6/20/2021 7:50,51
586,654,6/20/2021 7:51,15
725,928,6/20/2021 7:53,65
586,815,6/20/2021 7:54,26
586,969,6/20/2021 7:56,56
725,952,6/20/2021 8:01,47
725,952,6/20/2021 8:01,55
586,840,6/20/2021 8:04,56
725,697,6/20/2021 8:17,77
173,194,6/20/2021 8:23,23
815,364,6/20/2021 8:23,12
815,176,6/20/2021 8:28,21
815,176,6/20/2021 8:31,65
815,176,6/20/2021 8:37,39
815,283,6/20/2021 8:38,76
815,364,6/20/2021 8:39,53
144,805,6/20/2021 8:41,56
144,142,6/20/2021 8:49,50
144,189,6/20/2021 8:50,49
144,121,6/20/2021 8:53,84
144,41,6/20/2021 9:07,39
977,346,6/20/2021 9:13,71
337,297,6/20/2021 9:13,46
337,966,6/20/2021 9:14,85
586,978,6/20/2021 9:16,27
337,297,6/20/2021 9:33,31
605,704,6/20/2021 11:10,10
605,272,6/20/2021 11:10,63
815,191,6/21/2021 9:37,13
173,68,6/21/2021 15:25,87
586,654,6/21/2021 16:44,49
586,654,6/21/2021 16:54,18
586,654,6/21/2021 16:54,23
422,389,6/21/2021 17:16,38
586,626,6/21/2021 17:55,44
586,513,6/21/2021 17:59,29
586,402,6/21/2021 18:00,77
586,626,6/21/2021 18:03,26
586,194,6/21/2021 18:06,35
586,783,6/21/2021 18:08,51
286,400,6/21/2021 18:36,15
586,513,6/21/2021 18:39,82
598,794,6/21/2021 18:43,14
337,297,6/21/2021 18:55,32
337,840,6/21/2021 19:03,23
598,542,6/21/2021 19:32,25
598,542,6/21/2021 19:33,64
598,652,6/21/2021 19:41,87
598,19,6/21/2021 19:42,76
598,652,6/21/2021 19:56,65
815,191,6/21/2021 20:12,79
869,498,6/21/2021 20:16,48
815,364,6/21/2021 20:28,79
337,840,6/21/2021 20:35,25
586,783,6/21/2021 20:45,12
586,783,6/21/2021 20:45,88
586,783,6/21/2021 20:50,88
586,513,6/21/2021 20:50,35
337,504,6/21/2021 20:51,41
389,830,6/21/2021 20:58,12
389,498,6/21/2021 21:00,25
389,41,6/21/2021 21:00,34
389,652,6/21/2021 21:01,25
389,242,6/21/2021 21:01,51
389,797,6/21/2021 21:02,83
389,422,6/21/2021 21:03,32
389,830,6/21/2021 21:07,52
389,652,6/21/2021 21:08,72
337,504,6/21/2021 21:55,56
337,504,6/21/2021 22:03,18
509,272,6/21/2021 23:09,80
509,364,6/21/2021 23:11,85
815,993,6/21/2021 23:12,42
509,272,6/22/2021 0:25,55
509,454,6/22/2021 0:26,65
509,364,6/22/2021 0:29,61
260,174,6/22/2021 3:26,32
260,950,6/22/2021 3:26,57
260,950,6/22/2021 3:27,18
260,949,6/22/2021 3:28,66
286,991,6/22/2021 3:33,10
483,782,6/22/2021 3:58,53
586,513,6/22/2021 3:59,49
586,244,6/22/2021 4:00,20
483,768,6/22/2021 4:00,78
586,687,6/22/2021 4:00,55
586,978,6/22/2021 4:02,82
483,193,6/22/2021 4:06,10
586,687,6/22/2021 4:09,23
483,193,6/22/2021 4:22,72
332,527,6/22/2021 4:36,12
332,308,6/22/2021 4:37,85
483,193,6/22/2021 4:37,73
1005,32,6/22/2021 4:42,28
483,193,6/22/2021 4:45,36
483,193,6/22/2021 4:46,40
1005,878,6/22/2021 4:55,75
1005,372,6/22/2021 4:58,47
317,840,6/22/2021 5:04,31
317,311,6/22/2021 5:05,16
586,513,6/22/2021 5:11,39
586,244,6/22/2021 5:14,26
869,498,6/22/2021 5:14,47
389,652,6/22/2021 5:18,56
389,830,6/22/2021 5:26,15
389,652,6/22/2021 5:27,78
389,830,6/22/2021 5:28,63
317,408,6/22/2021 5:29,22
317,1011,6/22/2021 5:35,88
317,394,6/22/2021 5:40,18
469,463,6/22/2021 5:43,21
469,598,6/22/2021 5:44,70
815,1004,6/22/2021 6:01,28
128,934,6/22/2021 6:07,69
605,272,6/22/2021 6:19,50
337,840,6/22/2021 6:56,84
337,297,6/22/2021 6:57,49
337,297,6/22/2021 7:02,86
144,121,6/22/2021 7:04,55
144,189,6/22/2021 7:06,11
144,142,6/22/2021 7:11,47
337,297,6/22/2021 7:11,82
144,515,6/22/2021 7:15,60
144,1017,6/22/2021 7:16,44
144,1004,6/22/2021 7:17,55
144,1018,6/22/2021 7:18,79
144,1004,6/22/2021 7:23,54
144,1017,6/22/2021 7:24,75
144,1004,6/22/2021 7:34,34
144,1022,6/22/2021 7:38,35
586,687,6/22/2021 7:44,80
144,834,6/22/2021 7:45,36
144,479,6/22/2021 7:54,25
144,1023,6/22/2021 8:00,23
144,479,6/22/2021 8:05,84
144,996,6/22/2021 8:16,12
483,768,6/22/2021 8:23,22
144,103,6/22/2021 8:26,29
144,975,6/22/2021 8:33,61
1005,482,6/22/2021 8:54,57
509,454,6/22/2021 16:09,63
509,140,6/22/2021 16:19,33
509,236,6/22/2021 16:20,35
509,236,6/22/2021 16:22,17
509,260,6/22/2021 16:22,53
509,364,6/22/2021 16:23,66
509,364,6/22/2021 16:25,11
509,513,6/22/2021 16:47,28
509,707,6/22/2021 16:49,70
260,950,6/22/2021 17:06,15
260,949,6/22/2021 17:09,75
260,174,6/22/2021 17:11,53
260,509,6/22/2021 17:12,59
1028,260,6/22/2021 17:13,77
408,254,6/22/2021 18:47,76
586,1029,6/22/2021 19:52,77
337,297,6/22/2021 20:11,15
598,542,6/22/2021 20:14,49
386,422,6/22/2021 21:36,39
509,260,6/22/2021 22:44,48
1028,1032,6/22/2021 22:44,52
815,498,6/23/2021 0:31,49
422,386,6/23/2021 0:57,26
725,952,6/23/2021 1:24,71
725,697,6/23/2021 1:31,32
286,991,6/23/2021 1:45,20
286,400,6/23/2021 1:52,84
725,707,6/23/2021 2:03,40
815,1022,6/23/2021 2:15,50
815,996,6/23/2021 2:18,53
598,542,6/23/2021 2:30,88
815,176,6/23/2021 3:01,67
815,283,6/23/2021 3:05,78
332,63,6/23/2021 3:21,82
815,498,6/23/2021 3:35,26
815,498,6/23/2021 4:02,56
162,30,6/23/2021 4:03,35
725,204,6/23/2021 4:04,57
128,934,6/23/2021 5:04,68
605,272,6/23/2021 5:20,15
605,810,6/23/2021 5:20,45
605,277,6/23/2021 5:23,70
605,277,6/23/2021 5:38,72
605,557,6/23/2021 5:38,70
605,277,6/23/2021 5:39,16
144,834,6/23/2021 5:42,21
605,277,6/23/2021 5:47,74
605,557,6/23/2021 5:48,25
605,277,6/23/2021 5:49,85
605,830,6/23/2021 5:50,37
605,277,6/23/2021 5:52,83
605,830,6/23/2021 5:54,73
605,277,6/23/2021 5:55,62
605,557,6/23/2021 5:58,73
483,768,6/23/2021 6:00,33
605,830,6/23/2021 6:34,56
643,638,6/23/2021 7:34,39
643,323,6/23/2021 7:34,40
586,517,6/23/2021 7:53,50
586,517,6/23/2021 7:55,43
586,1039,6/23/2021 7:58,45
144,873,6/23/2021 8:59,21
144,996,6/23/2021 9:00,51
144,975,6/23/2021 9:04,84
144,479,6/23/2021 9:09,62
144,991,6/23/2021 9:29,73
1021,981,6/23/2021 9:35,88
1054,639,6/23/2021 10:12,18
1054,687,6/23/2021 10:29,49
752,598,6/23/2021 16:43,64
586,460,6/23/2021 16:49,28
752,1032,6/23/2021 17:02,37
752,986,6/23/2021 17:15,41
752,513,6/23/2021 17:41,10
752,513,6/23/2021 17:41,24
144,142,6/23/2021 18:11,36
586,460,6/23/2021 18:35,41
586,460,6/23/2021 18:56,71
1054,392,6/23/2021 18:58,18
815,283,6/24/2021 8:54,71
509,454,6/24/2021 16:04,79
509,364,6/24/2021 16:04,12
509,389,6/24/2021 16:05,27
509,389,6/24/2021 16:05,20
509,583,6/24/2021 16:14,26
509,583,6/24/2021 16:22,78
586,616,6/24/2021 17:43,38
586,194,6/24/2021 17:45,46
586,1065,6/24/2021 19:51,87
586,394,6/24/2021 22:30,76
389,498,6/24/2021 22:34,69
389,830,6/24/2021 22:36,75
389,667,6/24/2021 22:36,88
389,242,6/24/2021 22:36,87
509,454,6/24/2021 23:21,81
598,542,6/24/2021 23:35,50
598,542,6/24/2021 23:36,56
422,394,6/25/2021 0:14,76
469,463,6/25/2021 3:58,23
1080,638,6/25/2021 5:36,71
1080,1072,6/25/2021 5:46,12
1080,638,6/25/2021 6:04,78
483,176,6/25/2021 6:12,24
422,308,6/25/2021 7:42,23
260,1028,6/25/2021 7:55,36
260,949,6/25/2021 7:56,57
389,242,6/25/2021 8:06,80
389,830,6/25/2021 8:07,17
144,834,6/25/2021 8:16,79
1080,1072,6/25/2021 8:50,31
422,1060,6/25/2021 10:06,22
260,949,6/25/2021 18:08,14
509,306,6/25/2021 18:15,22
509,389,6/25/2021 18:17,41
509,194,6/25/2021 18:18,72
286,1000,6/25/2021 18:22,53
509,1039,6/25/2021 18:32,10
509,595,6/25/2021 18:33,19
509,872,6/25/2021 18:35,44
389,509,6/25/2021 19:31,11
509,389,6/25/2021 19:49,48
509,817,6/25/2021 19:53,44
509,277,6/25/2021 19:54,83
128,934,6/25/2021 21:17,68
144,42,6/25/2021 22:09,28
144,873,6/25/2021 23:20,54
752,1032,6/25/2021 23:38,29
586,394,6/26/2021 0:09,37
422,1060,6/26/2021 2:17,53
1097,884,6/26/2021 3:03,47
1097,127,6/26/2021 3:06,12
128,934,6/26/2021 3:39,42
422,394,6/26/2021 3:54,68
128,934,6/26/2021 4:38,59
509,595,6/26/2021 5:07,13
128,934,6/26/2021 5:19,25
128,934,6/26/2021 5:49,81
128,934,6/26/2021 6:03,10
173,103,6/26/2021 6:54,39
1097,127,6/26/2021 8:11,29
1097,884,6/26/2021 8:11,40
1097,191,6/26/2021 8:16,48
1097,191,6/26/2021 8:17,34
1097,191,6/26/2021 8:19,39
1097,103,6/26/2021 8:20,40
1097,1104,6/26/2021 8:31,84
1097,103,6/26/2021 8:31,19
1097,437,6/26/2021 8:47,72
422,1060,6/26/2021 8:56,63
144,873,6/26/2021 8:57,78
128,542,6/26/2021 9:06,30
128,542,6/26/2021 9:13,73
586,1107,6/26/2021 9:29,67
1097,884,6/26/2021 19:02,14
1097,437,6/26/2021 19:02,65
422,815,6/26/2021 19:18,80
162,851,6/26/2021 19:38,68
1097,884,6/26/2021 20:06,82
128,934,6/26/2021 23:11,25
598,542,6/26/2021 23:21,20
260,250,6/27/2021 0:48,10
260,509,6/27/2021 0:49,47
586,194,6/27/2021 1:42,60
128,934,6/27/2021 3:14,31
144,1111,6/27/2021 3:29,79
128,934,6/27/2021 4:32,66
598,400,6/27/2021 4:41,49
598,252,6/27/2021 4:41,69
605,462,6/27/2021 4:43,46
509,260,6/27/2021 4:44,66
598,67,6/27/2021 4:45,82
598,32,6/27/2021 4:45,80
598,19,6/27/2021 4:45,72
598,915,6/27/2021 4:45,11
509,306,6/27/2021 4:46,80
509,454,6/27/2021 4:51,50
509,454,6/27/2021 4:52,70
509,389,6/27/2021 4:52,23
605,462,6/27/2021 4:58,11
605,462,6/27/2021 5:00,19
605,462,6/27/2021 5:07,82
605,462,6/27/2021 5:14,75
509,306,6/27/2021 5:19,26
605,462,6/27/2021 5:34,30
586,513,6/27/2021 5:55,35
598,834,6/27/2021 5:59,16
598,834,6/27/2021 6:00,14
598,542,6/27/2021 6:18,22
598,194,6/27/2021 6:22,46
598,878,6/27/2021 6:24,56
260,1104,6/27/2021 6:36,60
386,422,6/27/2021 7:12,17
1005,546,6/27/2021 7:32,10
605,73,6/27/2021 7:49,46
605,1023,6/27/2021 7:51,79
1054,687,6/27/2021 7:53,37
605,1023,6/27/2021 7:56,66
260,1104,6/27/2021 7:57,60
586,513,6/27/2021 7:59,43
1097,194,6/27/2021 7:59,83
605,1023,6/27/2021 7:59,58
260,1107,6/27/2021 7:59,78
128,934,6/27/2021 8:01,62
422,386,6/27/2021 8:52,76
422,1060,6/27/2021 9:58,74
483,42,6/27/2021 14:53,22
128,573,6/27/2021 15:47,72
509,306,6/27/2021 16:01,45
509,454,6/27/2021 16:03,85
509,583,6/27/2021 16:04,29
509,1117,6/27/2021 16:31,79
509,975,6/27/2021 16:34,74
509,1111,6/27/2021 16:37,14
509,1103,6/27/2021 16:39,49
598,542,6/27/2021 18:30,65
483,583,6/27/2021 19:06,50
1054,277,6/27/2021 19:21,71
605,73,6/27/2021 19:34,18
317,679,6/27/2021 19:45,73
317,1111,6/27/2021 19:56,74
337,1042,6/27/2021 20:08,23
1021,1104,6/27/2021 20:37,76
598,523,6/27/2021 22:15,49
317,333,6/27/2021 22:15,16
598,980,6/27/2021 22:29,37
598,560,6/27/2021 22:29,83
598,32,6/27/2021 22:29,35
598,342,6/27/2021 22:29,62
598,878,6/27/2021 22:31,65
598,1071,6/27/2021 22:31,17
598,250,6/27/2021 22:33,21
598,1070,6/27/2021 22:34,18
598,325,6/27/2021 22:35,78
337,1042,6/27/2021 23:34,74
586,481,6/28/2021 0:11,10
598,523,6/28/2021 0:25,50
128,250,6/28/2021 0:34,39
598,250,6/28/2021 0:44,17
128,250,6/28/2021 0:44,26
598,980,6/28/2021 0:56,56
598,560,6/28/2021 0:57,14
598,325,6/28/2021 0:57,79
598,542,6/28/2021 0:58,49
598,367,6/28/2021 1:05,81
483,679,6/28/2021 1:19,60
483,42,6/28/2021 1:20,49
483,679,6/28/2021 1:24,19
483,42,6/28/2021 1:25,53
483,679,6/28/2021 1:29,64
483,42,6/28/2021 1:30,61
483,679,6/28/2021 1:32,13
483,42,6/28/2021 1:35,48
483,679,6/28/2021 1:38,54
483,679,6/28/2021 1:42,47
483,679,6/28/2021 1:48,48
483,679,6/28/2021 1:59,78
483,679,6/28/2021 2:10,82
598,325,6/28/2021 2:15,16
483,679,6/28/2021 2:16,38
483,34,6/28/2021 2:35,85
317,605,6/28/2021 2:45,66
317,605,6/28/2021 2:49,53
605,317,6/28/2021 2:49,51
317,605,6/28/2021 2:50,80
483,34,6/28/2021 3:14,80
483,679,6/28/2021 3:15,13
598,573,6/28/2021 3:16,82
317,992,6/28/2021 3:24,34
317,477,6/28/2021 3:26,22
605,32,6/28/2021 3:50,11
605,32,6/28/2021 3:52,54
605,32,6/28/2021 3:52,20
605,32,6/28/2021 3:56,67
605,32,6/28/2021 3:56,25
483,679,6/28/2021 3:59,12
483,34,6/28/2021 4:00,54
598,687,6/28/2021 4:05,62
317,992,6/28/2021 4:37,62
605,440,6/28/2021 4:47,16
605,181,6/28/2021 4:49,67
605,704,6/28/2021 4:54,10
605,704,6/28/2021 4:57,15
605,704,6/28/2021 4:58,52
605,704,6/28/2021 5:06,28
605,704,6/28/2021 5:09,35
605,704,6/28/2021 5:12,31
317,1111,6/28/2021 5:16,14
483,34,6/28/2021 5:17,31
605,704,6/28/2021 5:20,77
605,704,6/28/2021 5:23,44
605,32,6/28/2021 5:31,44
605,32,6/28/2021 5:32,67
605,32,6/28/2021 5:34,74
605,32,6/28/2021 5:36,54
605,32,6/28/2021 5:39,78
605,337,6/28/2021 5:49,15
586,1136,6/28/2021 5:53,34
1140,281,6/28/2021 6:00,18
128,250,6/28/2021 6:32,52
483,34,6/28/2021 6:51,28
422,308,6/28/2021 6:55,70
389,1042,6/28/2021 7:09,73
389,509,6/28/2021 7:10,24
422,308,6/28/2021 7:41,48
469,463,6/28/2021 7:44,50
469,463,6/28/2021 7:45,36
469,463,6/28/2021 7:50,87
422,308,6/28/2021 7:51,74
389,242,6/28/2021 7:51,55
389,830,6/28/2021 7:53,64
469,463,6/28/2021 7:56,43
469,806,6/28/2021 7:57,83
1097,440,6/28/2021 9:15,46
1097,687,6/28/2021 9:16,48
1097,191,6/28/2021 9:21,24
1097,191,6/28/2021 9:25,71
1097,687,6/28/2021 10:15,42
815,939,6/28/2021 10:30,53
598,1071,6/28/2021 15:13,14
598,1070,6/28/2021 15:13,84
337,605,6/28/2021 16:11,53
317,679,6/28/2021 16:49,24
1162,288,6/28/2021 17:26,76
1162,27,6/28/2021 17:32,35
1162,288,6/28/2021 17:36,69
1162,27,6/28/2021 17:38,84
483,193,6/28/2021 17:48,45
483,42,6/28/2021 17:49,62
586,626,6/28/2021 17:53,79
586,626,6/28/2021 17:58,52
586,626,6/28/2021 18:01,48
605,181,6/28/2021 18:35,80
598,1070,6/28/2021 19:18,64
509,1103,6/28/2021 19:38,22
509,454,6/28/2021 19:39,85
509,454,6/28/2021 19:39,73
509,389,6/28/2021 19:39,18
725,673,6/28/2021 19:40,26
509,1039,6/28/2021 20:05,83
389,509,6/28/2021 20:34,14
1097,687,6/28/2021 21:57,72
1097,440,6/28/2021 21:58,56
1097,191,6/28/2021 22:24,52
483,193,6/28/2021 22:26,62
317,477,6/28/2021 22:27,43
317,679,6/28/2021 22:28,10
317,840,6/28/2021 22:31,25
317,679,6/28/2021 22:33,38
317,679,6/28/2021 22:37,73
1054,277,6/28/2021 22:40,53
1054,212,6/28/2021 22:40,22
317,333,6/28/2021 22:52,14
408,590,6/28/2021 22:55,87
605,734,6/28/2021 23:02,52
734,605,6/28/2021 23:03,30
605,734,6/28/2021 23:04,73
734,605,6/28/2021 23:04,56
605,734,6/28/2021 23:06,42
734,605,6/28/2021 23:06,16
605,734,6/28/2021 23:07,78
734,605,6/28/2021 23:07,64
605,734,6/28/2021 23:08,76
734,1023,6/28/2021 23:09,74
734,605,6/28/2021 23:09,11
734,605,6/28/2021 23:12,36
605,734,6/28/2021 23:13,50
317,333,6/28/2021 23:13,72
317,333,6/28/2021 23:27,20
586,495,6/29/2021 0:01,21
389,830,6/29/2021 0:19,62
725,840,6/29/2021 0:30,73
337,352,6/29/2021 0:36,16
1021,939,6/29/2021 0:40,18
1021,1104,6/29/2021 0:43,49
908,1004,6/29/2021 0:51,58
1097,191,6/29/2021 1:08,39
598,1070,6/29/2021 1:41,27
598,209,6/29/2021 1:41,23
598,560,6/29/2021 1:41,81
1097,1170,6/29/2021 2:21,66
598,560,6/29/2021 2:53,46
586,481,6/29/2021 3:10,55
586,481,6/29/2021 3:12,67
586,616,6/29/2021 3:28,38
734,605,6/29/2021 3:32,28
734,617,6/29/2021 3:33,67
734,617,6/29/2021 3:35,37
734,617,6/29/2021 3:40,42
734,617,6/29/2021 3:42,76
734,617,6/29/2021 3:45,36
337,272,6/29/2021 3:46,79
734,617,6/29/2021 3:46,87
337,263,6/29/2021 3:47,31
469,697,6/29/2021 4:15,19
725,1132,6/29/2021 4:41,49
483,193,6/29/2021 4:49,63
483,193,6/29/2021 4:57,31
483,193,6/29/2021 5:25,46
483,193,6/29/2021 5:32,40
332,840,6/29/2021 5:33,26
332,281,6/29/2021 5:37,77
483,193,6/29/2021 5:39,26
332,281,6/29/2021 5:41,73
332,281,6/29/2021 5:41,63
332,281,6/29/2021 5:43,32
332,281,6/29/2021 5:48,81
605,277,6/29/2021 5:50,33
586,396,6/29/2021 5:50,55
586,378,6/29/2021 5:54,56
332,281,6/29/2021 5:54,45
586,396,6/29/2021 5:54,70
586,396,6/29/2021 5:56,79
586,396,6/29/2021 5:58,36
598,249,6/29/2021 5:59,11
598,1070,6/29/2021 6:00,39
586,378,6/29/2021 6:00,68
586,378,6/29/2021 6:07,40
605,277,6/29/2021 6:12,21
332,281,6/29/2021 6:15,64
605,277,6/29/2021 6:20,11
586,378,6/29/2021 6:20,24
605,277,6/29/2021 6:24,51
422,308,6/29/2021 6:25,39
605,277,6/29/2021 6:27,13
483,34,6/29/2021 6:47,64
605,181,6/29/2021 6:55,11
605,181,6/29/2021 6:59,37
605,272,6/29/2021 7:07,33
605,272,6/29/2021 7:10,44
605,272,6/29/2021 7:11,12
605,272,6/29/2021 7:13,37
586,481,6/29/2021 7:13,11
815,364,6/29/2021 7:32,56
815,277,6/29/2021 7:37,18
815,495,6/29/2021 7:37,72
422,615,6/29/2021 8:15,33
337,272,6/29/2021 8:21,76
337,272,6/29/2021 8:21,22
317,477,6/29/2021 8:24,37
605,479,6/29/2021 8:36,33
605,479,6/29/2021 8:37,83
605,479,6/29/2021 8:42,11
605,479,6/29/2021 8:43,82
605,1185,6/29/2021 8:43,87
317,308,6/29/2021 8:48,44
422,308,6/29/2021 10:03,51
317,308,6/29/2021 16:35,62
1142,1058,6/29/2021 17:08,80
260,949,6/29/2021 18:13,65
260,509,6/29/2021 18:14,80
260,398,6/29/2021 18:15,27
260,103,6/29/2021 18:16,52
483,1189,6/29/2021 18:37,30
483,1189,6/29/2021 19:31,34
734,1023,6/29/2021 19:37,15
332,352,6/29/2021 20:32,52
332,352,6/29/2021 20:36,24
725,1132,6/29/2021 20:42,27
483,1189,6/29/2021 20:42,78
725,713,6/29/2021 20:45,79
483,1189,6/29/2021 20:52,19
483,1189,6/29/2021 20:54,13
483,1189,6/29/2021 21:04,20
483,1189,6/29/2021 21:08,37
586,495,6/29/2021 21:25,42
586,378,6/29/2021 21:27,55
598,90,6/29/2021 21:32,19
598,1189,6/29/2021 21:33,23
483,1189,6/29/2021 21:38,48
483,372,6/29/2021 21:39,63
509,389,6/29/2021 23:06,46
509,260,6/29/2021 23:07,36
586,378,6/29/2021 23:43,10
586,570,6/29/2021 23:50,20
162,851,6/30/2021 0:01,87
598,487,6/30/2021 0:10,57
598,487,6/30/2021 0:18,51
144,1127,6/30/2021 1:02,76
422,615,6/30/2021 1:04,32
144,1200,6/30/2021 1:15,65
128,105,6/30/2021 1:28,25
389,509,6/30/2021 2:15,69
776,400,6/30/2021 2:21,83
776,704,6/30/2021 2:22,61
389,830,6/30/2021 4:01,46
815,1066,6/30/2021 4:37,63
725,1132,6/30/2021 4:46,45
586,378,6/30/2021 5:29,44
586,1029,6/30/2021 5:30,77
290,44,6/30/2021 5:33,60
290,63,6/30/2021 5:37,60
290,408,6/30/2021 5:38,79
725,638,6/30/2021 5:50,46
725,719,6/30/2021 5:58,25
144,1127,6/30/2021 6:07,61
144,290,6/30/2021 6:11,10
290,144,6/30/2021 6:18,65
144,290,6/30/2021 6:21,24
605,596,6/30/2021 6:25,63
605,704,6/30/2021 6:29,33
605,596,6/30/2021 6:32,49
605,704,6/30/2021 6:32,47
128,338,6/30/2021 6:34,46
605,704,6/30/2021 6:34,57
128,338,6/30/2021 6:38,54
586,378,6/30/2021 6:39,51
605,704,6/30/2021 6:40,80
128,338,6/30/2021 6:48,26
586,378,6/30/2021 6:58,79
598,1216,6/30/2021 7:08,72
815,609,6/30/2021 7:10,73
128,194,6/30/2021 7:21,64
317,308,6/30/2021 7:25,67
317,1120,6/30/2021 7:25,63
605,103,6/30/2021 7:28,33
586,378,6/30/2021 7:31,16
605,103,6/30/2021 7:32,37
605,277,6/30/2021 7:34,55
605,317,6/30/2021 7:34,56
605,103,6/30/2021 7:35,24
598,652,6/30/2021 7:36,12
605,103,6/30/2021 7:39,49
815,609,6/30/2021 7:40,50
605,615,6/30/2021 7:40,30
605,615,6/30/2021 7:42,23
128,338,6/30/2021 7:43,16
605,249,6/30/2021 7:43,82
815,609,6/30/2021 8:06,23
815,1113,6/30/2021 8:06,44
815,609,6/30/2021 8:17,62
128,338,6/30/2021 8:21,67
128,194,6/30/2021 8:21,45
815,609,6/30/2021 8:22,49
1080,1207,6/30/2021 8:23,65
128,338,6/30/2021 8:23,49
128,1080,6/30/2021 8:27,44
815,609,6/30/2021 8:41,47
128,878,6/30/2021 8:43,85
128,338,6/30/2021 8:44,56
815,609,6/30/2021 8:47,10
815,609,6/30/2021 8:59,71
815,609,6/30/2021 9:01,44
815,609,6/30/2021 9:08,63
815,609,6/30/2021 9:09,60
815,609,6/30/2021 9:12,43
815,609,6/30/2021 9:15,84
317,605,6/30/2021 15:50,23
1021,646,6/30/2021 15:51,29
598,652,6/30/2021 18:58,26
509,389,6/30/2021 19:42,70
386,422,6/30/2021 19:56,12
605,73,6/30/2021 20:16,21
144,1185,6/30/2021 20:23,75
144,189,6/30/2021 20:25,11
422,386,6/30/2021 20:47,40
389,509,6/30/2021 20:50,30
389,1059,6/30/2021 20:50,47
144,42,6/30/2021 20:54,16
144,189,6/30/2021 20:56,36
144,42,6/30/2021 21:04,49
1142,1058,6/30/2021 21:05,73
1142,990,6/30/2021 21:06,66
144,644,6/30/2021 21:08,78
144,42,6/30/2021 21:13,33
144,398,6/30/2021 21:15,58
144,189,6/30/2021 21:16,46
144,398,6/30/2021 21:16,15
408,290,6/30/2021 21:28,65
1097,1189,6/30/2021 21:31,84
408,317,6/30/2021 21:33,47
725,1132,6/30/2021 21:35,49
725,638,6/30/2021 21:42,79
317,739,6/30/2021 21:48,21
725,1217,6/30/2021 21:57,32
725,1217,6/30/2021 22:03,86
725,1217,6/30/2021 22:06,15
725,1217,6/30/2021 22:09,78
725,1217,6/30/2021 22:24,50
317,105,6/30/2021 22:59,17
144,42,6/30/2021 23:07,33
144,224,6/30/2021 23:09,11
317,479,6/30/2021 23:19,37
144,645,6/30/2021 23:24,43
144,224,6/30/2021 23:26,80
128,569,7/1/2021 1:40,36
128,12,7/1/2021 1:42,82
128,569,7/1/2021 1:49,75
128,569,7/1/2021 1:57,65
128,573,7/1/2021 2:00,44
128,569,7/1/2021 2:02,21
128,569,7/1/2021 2:09,65
128,706,7/1/2021 2:13,73
389,1059,7/1/2021 2:51,58
586,626,7/1/2021 4:27,18
317,479,7/1/2021 4:35,54
586,626,7/1/2021 4:36,80
586,1253,7/1/2021 4:39,75
173,342,7/1/2021 4:59,11
317,281,7/1/2021 5:01,35
317,281,7/1/2021 5:01,12
317,263,7/1/2021 5:16,55
128,706,7/1/2021 5:28,23
128,569,7/1/2021 5:39,84
370,101,7/1/2021 5:53,22
605,700,7/1/2021 6:05,23
605,103,7/1/2021 6:08,15
128,569,7/1/2021 6:08,54
128,569,7/1/2021 6:10,82
128,706,7/1/2021 6:14,85
605,103,7/1/2021 6:15,65
725,1260,7/1/2021 6:19,27
605,103,7/1/2021 6:21,79
725,1261,7/1/2021 6:24,17
1176,30,7/1/2021 6:30,68
725,1260,7/1/2021 6:31,85
128,569,7/1/2021 6:31,17
725,1260,7/1/2021 6:36,59
725,1260,7/1/2021 6:43,56
1176,856,7/1/2021 6:46,78
128,569,7/1/2021 6:49,33
725,1260,7/1/2021 6:50,84
725,1260,7/1/2021 6:58,12
509,364,7/1/2021 7:02,77
605,557,7/1/2021 7:05,66
725,1260,7/1/2021 7:06,50
725,1260,7/1/2021 7:10,44
605,337,7/1/2021 7:11,32
605,62,7/1/2021 7:14,70
317,263,7/1/2021 7:16,48
128,542,7/1/2021 7:16,28
725,1260,7/1/2021 7:17,63
337,605,7/1/2021 7:17,39
144,1185,7/1/2021 8:34,47
144,834,7/1/2021 8:39,62
1021,547,7/1/2021 8:48,18
144,1185,7/1/2021 8:53,74
725,638,7/1/2021 17:57,86
725,1260,7/1/2021 18:03,27
1142,990,7/1/2021 18:11,17
725,835,7/1/2021 19:30,56
144,644,7/1/2021 21:46,49
144,644,7/1/2021 21:50,10
144,644,7/1/2021 21:54,73
144,644,7/1/2021 21:56,40
144,644,7/1/2021 21:59,45
144,644,7/1/2021 22:02,87
144,644,7/1/2021 22:03,23
144,644,7/1/2021 22:04,30
144,644,7/1/2021 22:07,27
144,1278,7/1/2021 22:09,64
144,644,7/1/2021 22:13,41
144,644,7/1/2021 22:17,11
144,921,7/1/2021 22:18,53
144,644,7/1/2021 22:20,13
144,644,7/1/2021 22:22,27
509,815,7/1/2021 23:44,71
509,758,7/1/2021 23:45,69
605,272,7/2/2021 0:34,37
586,1253,7/2/2021 0:59,28
725,835,7/2/2021 1:02,73
725,1260,7/2/2021 1:06,61
586,1253,7/2/2021 2:01,20
386,422,7/2/2021 3:56,50
509,758,7/2/2021 5:17,46
908,263,7/2/2021 5:23,28
605,462,7/2/2021 6:29,80
483,1189,7/2/2021 8:07,36
483,1224,7/2/2021 8:08,82
483,199,7/2/2021 8:18,16
483,1224,7/2/2021 8:18,34
483,199,7/2/2021 8:23,61
483,199,7/2/2021 8:25,32
509,758,7/2/2021 18:20,18
483,1224,7/2/2021 20:25,25
815,1305,7/3/2021 0:02,38
815,423,7/3/2021 0:58,19
815,423,7/3/2021 1:09,76
725,1260,7/3/2021 1:34,49
605,272,7/3/2021 1:44,42
605,462,7/3/2021 1:46,56
1142,990,7/3/2021 1:48,56
483,1189,7/3/2021 3:34,53
598,357,7/3/2021 4:22,19
598,1071,7/3/2021 4:23,71
598,704,7/3/2021 4:24,83
128,242,7/3/2021 4:25,77
128,242,7/3/2021 5:07,13
128,242,7/3/2021 5:16,44
128,242,7/3/2021 5:52,53
586,194,7/3/2021 6:21,58
815,950,7/3/2021 7:59,74
598,560,7/3/2021 8:08,42
725,1260,7/3/2021 8:33,67
1274,1273,7/3/2021 8:46,68
1317,1318,7/3/2021 8:49,67
586,1316,7/3/2021 9:21,88
1274,840,7/3/2021 10:21,73
1317,1244,7/3/2021 10:22,48
422,1041,7/3/2021 10:46,34
422,1041,7/3/2021 10:52,38
422,386,7/3/2021 10:53,79
422,1041,7/3/2021 10:58,74
815,950,7/3/2021 12:09,26
725,638,7/3/2021 17:36,77
725,835,7/3/2021 17:38,79
725,638,7/3/2021 20:07,58
1142,990,7/3/2021 20:15,77
1317,781,7/3/2021 20:26,18
509,758,7/3/2021 21:38,61
1317,72,7/3/2021 22:22,76
1252,1231,7/3/2021 22:38,26
1317,638,7/3/2021 23:07,75
1317,1244,7/3/2021 23:09,76
598,652,7/3/2021 23:29,30
598,62,7/3/2021 23:30,33
598,84,7/3/2021 23:30,61
598,1189,7/3/2021 23:30,24
598,1303,7/3/2021 23:31,14
598,878,7/3/2021 23:31,55
389,1189,7/4/2021 0:38,52
725,638,7/4/2021 0:49,77
1252,1231,7/4/2021 1:02,17
586,1316,7/4/2021 2:57,80
586,1316,7/4/2021 3:34,68
509,272,7/4/2021 3:37,46
1021,701,7/4/2021 3:39,59
1021,105,7/4/2021 3:40,34
483,782,7/4/2021 3:53,18
483,1189,7/4/2021 3:53,53
725,1336,7/4/2021 4:44,28
908,332,7/4/2021 5:14,20
516,564,7/4/2021 6:14,16
605,254,7/4/2021 6:28,30
605,254,7/4/2021 6:29,16
605,254,7/4/2021 6:30,80
605,254,7/4/2021 6:32,12
605,254,7/4/2021 6:35,79
605,254,7/4/2021 6:38,20
643,638,7/4/2021 6:56,17
598,1032,7/4/2021 7:15,52
144,142,7/4/2021 7:30,54
598,346,7/4/2021 7:30,47
598,346,7/4/2021 7:36,15
128,1283,7/4/2021 7:36,68
598,353,7/4/2021 7:41,61
317,1283,7/4/2021 7:44,11
598,325,7/4/2021 7:49,17
1097,1283,7/4/2021 8:05,18
1317,1280,7/4/2021 8:47,36
1317,758,7/4/2021 8:51,33
1317,753,7/4/2021 8:55,61
1317,753,7/4/2021 8:55,41
586,1283,7/4/2021 9:11,27
1097,191,7/4/2021 9:13,45
1317,781,7/4/2021 9:45,61
422,1281,7/4/2021 9:57,55
422,1283,7/4/2021 9:57,62
422,1281,7/4/2021 10:03,18
815,950,7/4/2021 10:09,28
605,272,7/4/2021 13:59,28
725,835,7/4/2021 16:23,22
725,1132,7/4/2021 16:26,65
725,1018,7/4/2021 16:28,44
144,142,7/4/2021 16:33,32
509,758,7/4/2021 17:00,57
483,782,7/4/2021 17:29,32
408,306,7/4/2021 18:26,81
408,781,7/4/2021 18:27,31
408,1122,7/4/2021 18:44,84
605,1281,7/4/2021 19:08,31
1142,990,7/4/2021 19:20,82
1142,1058,7/4/2021 19:22,17
734,617,7/4/2021 20:30,10
734,617,7/4/2021 20:33,18
389,1283,7/4/2021 21:30,40
734,617,7/4/2021 21:38,78
908,1354,7/4/2021 22:33,46
469,463,7/4/2021 23:05,54
337,1283,7/4/2021 23:12,49
337,1168,7/5/2021 0:39,59
337,142,7/5/2021 0:41,66
337,1168,7/5/2021 0:41,44
389,1281,7/5/2021 1:10,69
389,1281,7/5/2021 1:13,46
483,1317,7/5/2021 1:29,36
586,1065,7/5/2021 1:31,88
128,211,7/5/2021 1:39,50
586,1072,7/5/2021 1:41,32
1171,966,7/5/2021 2:11,86
752,42,7/5/2021 2:13,41
752,42,7/5/2021 2:13,79
752,42,7/5/2021 2:54,25
1176,26,7/5/2021 3:21,38
1176,856,7/5/2021 3:29,26
605,272,7/5/2021 3:49,31
422,6,7/5/2021 4:06,32
1317,919,7/5/2021 4:08,56
725,1132,7/5/2021 4:10,71
1176,26,7/5/2021 4:37,50
337,1168,7/5/2021 4:54,11
516,94,7/5/2021 5:12,12
337,777,7/5/2021 5:25,47
483,821,7/5/2021 5:37,79
1176,26,7/5/2021 5:58,46
605,254,7/5/2021 6:11,83
725,547,7/5/2021 6:34,59
605,596,7/5/2021 6:39,33
725,547,7/5/2021 6:44,50
1021,176,7/5/2021 7:10,37
643,638,7/5/2021 7:12,48
598,878,7/5/2021 7:29,85
643,638,7/5/2021 7:30,61
598,878,7/5/2021 7:40,17
598,546,7/5/2021 7:47,15
1176,26,7/5/2021 7:50,52
173,1283,7/5/2021 7:51,80
173,1283,7/5/2021 7:51,30
1142,752,7/5/2021 8:07,15
1142,963,7/5/2021 8:10,54
1142,176,7/5/2021 8:15,43
1142,176,7/5/2021 8:18,17
128,1006,7/5/2021 8:43,35
1142,176,7/5/2021 8:48,18
752,1142,7/5/2021 8:50,37
908,560,7/5/2021 8:59,64
128,1006,7/5/2021 9:03,69
1274,1281,7/5/2021 9:06,88
128,1006,7/5/2021 9:07,87
1274,1281,7/5/2021 9:09,55
128,1006,7/5/2021 9:11,42
1274,1281,7/5/2021 9:16,12
1274,1281,7/5/2021 9:20,59
1274,1281,7/5/2021 10:04,36
1097,609,7/5/2021 10:15,15
1097,285,7/5/2021 10:16,48
586,1097,7/5/2021 14:47,32
1097,586,7/5/2021 15:26,29
1176,26,7/5/2021 15:48,63
1021,176,7/5/2021 16:01,67
586,1097,7/5/2021 16:43,65
752,943,7/5/2021 17:27,61
1274,1281,7/5/2021 17:28,71
483,357,7/5/2021 17:46,19
483,821,7/5/2021 17:47,24
1176,26,7/5/2021 17:56,29
1097,586,7/5/2021 18:02,65
1097,285,7/5/2021 18:02,15
586,1097,7/5/2021 18:07,15
1097,586,7/5/2021 18:12,55
586,1097,7/5/2021 18:14,74
337,474,7/5/2021 18:29,24
1097,1283,7/5/2021 18:34,58
598,487,7/5/2021 18:40,61
1097,1283,7/5/2021 18:42,18
598,487,7/5/2021 18:43,84
1176,26,7/5/2021 18:54,11
598,487,7/5/2021 18:57,39
1176,26,7/5/2021 20:36,16
725,835,7/5/2021 20:36,83
1021,176,7/5/2021 20:57,35
1176,26,7/5/2021 21:39,57
1176,26,7/5/2021 21:57,37
337,626,7/5/2021 22:07,40
1393,95,7/5/2021 22:13,76
586,639,7/5/2021 22:20,15
317,281,7/5/2021 23:10,85
317,281,7/5/2021 23:11,51
317,281,7/5/2021 23:12,85
317,281,7/5/2021 23:13,78
317,281,7/5/2021 23:15,73
1176,26,7/6/2021 0:31,41
725,835,7/6/2021 0:54,76
483,821,7/6/2021 1:10,56
725,1260,7/6/2021 1:33,51
422,6,7/6/2021 2:07,62
598,1216,7/6/2021 2:19,85
1176,26,7/6/2021 2:47,63
598,1033,7/6/2021 4:20,67
725,1260,7/6/2021 4:26,59
725,454,7/6/2021 4:34,56
516,296,7/6/2021 4:36,11
725,835,7/6/2021 4:38,39
725,454,7/6/2021 4:43,48
725,454,7/6/2021 4:58,87
725,454,7/6/2021 5:02,44
725,835,7/6/2021 5:03,88
1274,1281,7/6/2021 5:03,25
725,835,7/6/2021 5:16,55
1142,752,7/6/2021 5:17,24
725,454,7/6/2021 5:18,22
1176,26,7/6/2021 5:24,52
317,281,7/6/2021 5:24,70
317,281,7/6/2021 5:26,55
317,281,7/6/2021 5:27,46
725,1280,7/6/2021 5:28,77
725,1280,7/6/2021 5:29,62
725,1280,7/6/2021 5:34,72
725,1280,7/6/2021 5:39,58
725,835,7/6/2021 5:41,49
725,454,7/6/2021 5:42,15
725,1280,7/6/2021 5:44,50
725,454,7/6/2021 5:52,71
725,1280,7/6/2021 5:53,81
128,927,7/6/2021 5:59,67
725,835,7/6/2021 6:05,25
1317,919,7/6/2021 6:06,85
1317,817,7/6/2021 6:11,66
725,835,7/6/2021 6:17,57
643,323,7/6/2021 6:24,48
752,1142,7/6/2021 6:29,42
725,719,7/6/2021 6:29,68
643,323,7/6/2021 6:33,80
725,323,7/6/2021 6:33,76
643,323,7/6/2021 6:35,45
725,323,7/6/2021 6:36,51
643,323,7/6/2021 6:38,14
725,323,7/6/2021 6:40,85
725,719,7/6/2021 6:40,17
725,323,7/6/2021 6:41,42
725,835,7/6/2021 6:43,82
643,323,7/6/2021 6:45,86
725,835,7/6/2021 6:49,81
422,6,7/6/2021 6:50,58
725,323,7/6/2021 6:50,63
725,323,7/6/2021 6:55,46
422,6,7/6/2021 7:00,49
1176,26,7/6/2021 7:03,61
605,90,7/6/2021 7:24,12
605,90,7/6/2021 7:26,11
605,90,7/6/2021 7:30,81
598,1216,7/6/2021 7:31,82
144,1408,7/6/2021 7:33,70
605,90,7/6/2021 7:33,32
128,1113,7/6/2021 7:33,54
605,317,7/6/2021 7:36,35
128,557,7/6/2021 7:37,19
128,503,7/6/2021 7:38,44
1274,1281,7/6/2021 7:38,39
128,1409,7/6/2021 7:41,79
605,734,7/6/2021 7:41,37
1317,507,7/6/2021 7:42,67
389,830,7/6/2021 7:43,39
389,609,7/6/2021 7:43,41
1317,507,7/6/2021 7:46,80
1274,306,7/6/2021 7:46,41
422,6,7/6/2021 7:46,70
1274,306,7/6/2021 7:48,85
1317,507,7/6/2021 7:50,87
128,557,7/6/2021 7:52,68
128,1409,7/6/2021 7:53,21
1274,1281,7/6/2021 8:00,15
128,612,7/6/2021 8:04,18
1274,1281,7/6/2021 8:07,70
128,235,7/6/2021 8:08,70
128,1409,7/6/2021 8:09,79
128,569,7/6/2021 8:10,33
128,569,7/6/2021 8:12,30
128,569,7/6/2021 8:17,54
1274,1281,7/6/2021 8:17,26
598,1379,7/6/2021 8:20,57
128,548,7/6/2021 8:21,85
1274,1281,7/6/2021 8:26,70
128,1381,7/6/2021 8:34,62
1274,1281,7/6/2021 8:36,63
128,1381,7/6/2021 8:42,57
598,582,7/6/2021 8:44,62
128,1354,7/6/2021 8:45,51
128,1381,7/6/2021 8:46,37
128,1381,7/6/2021 8:56,20
1274,1281,7/6/2021 8:58,87
1274,1281,7/6/2021 9:18,11
128,1415,7/6/2021 9:23,17
128,778,7/6/2021 9:30,35
128,1381,7/6/2021 9:57,42
128,1381,7/6/2021 10:01,20
128,1381,7/6/2021 10:03,39
128,1381,7/6/2021 10:05,39
422,6,7/6/2021 10:06,63
128,1004,7/6/2021 10:12,34
128,1381,7/6/2021 10:15,86
128,1381,7/6/2021 10:17,80
128,1381,7/6/2021 10:18,23
128,1381,7/6/2021 10:19,86
1317,1417,7/6/2021 10:24,77
1142,752,7/6/2021 14:42,47
605,277,7/6/2021 15:52,12
509,616,7/6/2021 16:10,34
725,1280,7/6/2021 16:25,40
1274,1281,7/6/2021 18:27,36
389,609,7/6/2021 18:35,47
389,830,7/6/2021 18:37,70
389,830,7/6/2021 18:38,66
598,1379,7/6/2021 18:38,61
337,474,7/6/2021 18:46,53
1393,332,7/6/2021 19:35,35
483,398,7/6/2021 19:42,41
483,821,7/6/2021 19:43,18
908,560,7/6/2021 19:45,80
908,1354,7/6/2021 19:45,76
317,605,7/6/2021 20:02,25
317,538,7/6/2021 20:05,34
317,1171,7/6/2021 20:07,33
598,124,7/6/2021 20:47,46
386,422,7/6/2021 20:52,35
1176,26,7/6/2021 21:02,59
598,124,7/6/2021 21:03,41
598,1262,7/6/2021 21:03,47
598,582,7/6/2021 21:05,37
598,546,7/6/2021 21:07,35
598,1033,7/6/2021 21:08,73
598,1379,7/6/2021 21:08,83
598,644,7/6/2021 21:09,50
598,124,7/6/2021 21:14,61
1171,317,7/6/2021 21:24,72
1176,26,7/6/2021 21:35,87
1393,1364,7/6/2021 21:35,69
586,1402,7/6/2021 21:36,81
1393,704,7/6/2021 21:36,12
1393,1365,7/6/2021 21:47,44
1274,1358,7/6/2021 22:22,73
1021,970,7/7/2021 0:13,51
1393,1365,7/7/2021 0:48,66
1393,1364,7/7/2021 0:50,15
725,1260,7/7/2021 1:02,22
725,1260,7/7/2021 1:27,42
1421,1328,7/7/2021 1:32,25
1421,175,7/7/2021 1:32,49
725,353,7/7/2021 1:33,64
483,821,7/7/2021 1:48,15
734,605,7/7/2021 1:49,49
128,557,7/7/2021 1:52,18
483,398,7/7/2021 1:53,77
1005,42,7/7/2021 2:02,10
128,302,7/7/2021 2:06,48
128,738,7/7/2021 2:12,36
128,1113,7/7/2021 2:15,61
128,32,7/7/2021 2:17,73
128,236,7/7/2021 2:18,25
128,32,7/7/2021 2:28,40
422,386,7/7/2021 2:36,30
725,1260,7/7/2021 3:38,58
725,1260,7/7/2021 3:45,52
1308,42,7/7/2021 4:06,50
1308,42,7/7/2021 4:10,14
725,1260,7/7/2021 4:23,33
605,317,7/7/2021 4:34,72
725,1260,7/7/2021 4:35,35
725,353,7/7/2021 4:36,50
128,738,7/7/2021 4:42,75
128,706,7/7/2021 4:44,51
128,706,7/7/2021 4:46,19
725,1260,7/7/2021 4:47,62
1142,42,7/7/2021 5:02,64
725,859,7/7/2021 5:02,86
1142,42,7/7/2021 5:07,80
260,830,7/7/2021 5:14,71
605,704,7/7/2021 5:28,45
483,821,7/7/2021 5:28,55
1393,1427,7/7/2021 5:30,88
734,605,7/7/2021 5:31,61
605,734,7/7/2021 5:32,14
734,605,7/7/2021 5:34,49
605,734,7/7/2021 5:35,76
734,605,7/7/2021 5:36,46
734,617,7/7/2021 5:37,81
605,734,7/7/2021 5:39,37
734,617,7/7/2021 5:39,11
734,605,7/7/2021 5:39,35
605,734,7/7/2021 5:39,17
605,734,7/7/2021 5:40,17
734,605,7/7/2021 5:41,82
605,734,7/7/2021 5:42,29
605,704,7/7/2021 5:42,67
128,1113,7/7/2021 5:44,19
483,821,7/7/2021 5:45,29
128,706,7/7/2021 5:45,63
725,1280,7/7/2021 5:45,81
605,704,7/7/2021 5:47,66
128,598,7/7/2021 5:49,68
598,128,7/7/2021 6:08,50
598,870,7/7/2021 6:08,78
598,603,7/7/2021 6:10,72
598,794,7/7/2021 6:16,15
598,1093,7/7/2021 6:17,23
128,172,7/7/2021 6:20,49
598,488,7/7/2021 6:21,81
128,1004,7/7/2021 6:21,33
598,1093,7/7/2021 6:21,12
128,1113,7/7/2021 6:22,33
598,645,7/7/2021 6:24,15
605,254,7/7/2021 6:24,14
598,1006,7/7/2021 6:25,28
598,325,7/7/2021 6:28,12
128,172,7/7/2021 6:29,30
598,1377,7/7/2021 6:31,47
598,27,7/7/2021 6:33,82
598,1403,7/7/2021 6:34,56
598,475,7/7/2021 6:35,61
598,794,7/7/2021 6:36,43
598,502,7/7/2021 6:36,75
128,32,7/7/2021 6:47,56
128,1113,7/7/2021 6:48,46
128,1354,7/7/2021 6:50,19
128,502,7/7/2021 6:56,53
128,1113,7/7/2021 6:59,81
128,1354,7/7/2021 7:00,40
605,254,7/7/2021 7:03,80
128,502,7/7/2021 7:03,65
128,1354,7/7/2021 7:04,73
605,254,7/7/2021 7:05,55
605,254,7/7/2021 7:07,46
1393,1365,7/7/2021 7:19,39
128,502,7/7/2021 7:25,25
128,1354,7/7/2021 7:29,46
128,1113,7/7/2021 7:31,52
128,706,7/7/2021 7:31,35
128,1113,7/7/2021 7:34,85
317,538,7/7/2021 7:37,19
317,398,7/7/2021 7:37,78
1021,1285,7/7/2021 7:38,36
605,317,7/7/2021 7:38,69
317,605,7/7/2021 7:38,18
317,605,7/7/2021 7:38,82
1021,1422,7/7/2021 7:39,76
605,317,7/7/2021 7:39,68
605,317,7/7/2021 7:40,20
1443,1033,7/7/2021 7:41,11
317,605,7/7/2021 7:43,31
128,1113,7/7/2021 7:44,84
1443,1033,7/7/2021 7:44,78
605,317,7/7/2021 7:45,27
317,605,7/7/2021 7:47,72
605,317,7/7/2021 7:48,18
483,821,7/7/2021 7:49,12
128,1113,7/7/2021 7:52,15
128,1113,7/7/2021 8:00,84
605,317,7/7/2021 8:12,48
128,1113,7/7/2021 8:16,50
605,1184,7/7/2021 8:25,88
389,609,7/7/2021 8:25,33
317,711,7/7/2021 8:26,42
128,749,7/7/2021 8:26,23
605,1184,7/7/2021 8:28,21
128,1113,7/7/2021 8:29,30
605,1184,7/7/2021 8:30,52
605,317,7/7/2021 8:33,30
317,605,7/7/2021 8:34,68
605,317,7/7/2021 8:35,33
317,605,7/7/2021 8:36,64
605,317,7/7/2021 8:38,42
605,317,7/7/2021 8:39,74
317,538,7/7/2021 8:41,60
317,605,7/7/2021 8:42,62
317,749,7/7/2021 8:42,68
605,317,7/7/2021 8:45,48
317,605,7/7/2021 8:46,21
605,317,7/7/2021 8:49,46
317,605,7/7/2021 8:50,26
317,1184,7/7/2021 8:52,12
605,317,7/7/2021 8:53,40
317,1184,7/7/2021 8:54,24
317,605,7/7/2021 8:54,29
605,317,7/7/2021 8:56,76
317,605,7/7/2021 8:57,77
317,1184,7/7/2021 8:57,32
605,317,7/7/2021 8:59,65
605,1406,7/7/2021 9:05,41
605,1406,7/7/2021 9:09,27
128,980,7/7/2021 9:20,73
128,236,7/7/2021 9:26,59
128,1267,7/7/2021 9:31,46
128,1267,7/7/2021 9:36,86
128,1267,7/7/2021 9:41,27
317,307,7/7/2021 16:44,28
128,32,7/7/2021 17:12,88
337,105,7/7/2021 17:23,50
483,821,7/7/2021 17:25,68
332,908,7/7/2021 17:44,58
332,919,7/7/2021 17:45,37
332,1393,7/7/2021 17:45,62
598,342,7/7/2021 17:59,56
317,367,7/7/2021 18:06,76
317,367,7/7/2021 18:14,44
317,367,7/7/2021 18:27,26
483,821,7/7/2021 18:48,13
586,1391,7/7/2021 19:00,13
1274,792,7/7/2021 19:14,55
128,1267,7/7/2021 19:56,80
128,706,7/7/2021 19:57,15
128,502,7/7/2021 19:57,11
128,1153,7/7/2021 20:31,73
389,830,7/7/2021 20:39,41
605,431,7/7/2021 20:52,41
725,1280,7/7/2021 21:03,55
1393,332,7/7/2021 21:23,70
734,617,7/7/2021 21:40,88
332,1393,7/7/2021 21:52,15
1142,1269,7/7/2021 21:54,80
337,105,7/7/2021 21:55,27
509,616,7/7/2021 22:29,70
509,204,7/7/2021 22:29,88
908,332,7/7/2021 22:53,43
605,431,7/7/2021 23:11,11
605,337,7/7/2021 23:12,81
605,431,7/7/2021 23:16,71
605,431,7/7/2021 23:18,48
389,830,7/7/2021 23:20,39
337,605,7/7/2021 23:23,24
605,431,7/7/2021 23:25,20
605,337,7/7/2021 23:26,11
605,337,7/7/2021 23:26,38
1421,362,7/7/2021 23:28,25
605,431,7/7/2021 23:30,65
337,605,7/7/2021 23:46,71
128,706,7/8/2021 0:42,26
389,252,7/8/2021 0:48,53
389,482,7/8/2021 0:49,36
128,32,7/8/2021 0:50,85
128,706,7/8/2021 1:02,86
128,32,7/8/2021 1:14,60
128,32,7/8/2021 1:35,19
128,1354,7/8/2021 1:36,88
725,1280,7/8/2021 1:43,19
1393,283,7/8/2021 1:48,75
389,573,7/8/2021 2:19,38
483,821,7/8/2021 2:29,23
483,821,7/8/2021 2:33,53
389,573,7/8/2021 2:46,20
389,252,7/8/2021 2:47,55
389,482,7/8/2021 2:48,10
389,573,7/8/2021 3:04,29
389,252,7/8/2021 3:05,18
317,1281,7/8/2021 3:07,43
317,1168,7/8/2021 3:08,58
317,749,7/8/2021 3:08,43
317,1181,7/8/2021 3:09,71
1142,194,7/8/2021 3:23,78
1142,733,7/8/2021 3:25,79
317,32,7/8/2021 3:36,70
598,298,7/8/2021 3:45,15
128,797,7/8/2021 3:52,17
317,319,7/8/2021 3:53,71
128,797,7/8/2021 4:02,55
128,502,7/8/2021 4:03,87
317,626,7/8/2021 4:04,34
128,797,7/8/2021 4:16,83
389,1269,7/8/2021 4:18,45
643,638,7/8/2021 4:29,33
643,1365,7/8/2021 4:34,36
598,298,7/8/2021 4:49,68
128,797,7/8/2021 5:05,66
598,649,7/8/2021 5:06,88
598,649,7/8/2021 5:10,56
128,797,7/8/2021 5:12,67
598,649,7/8/2021 5:25,88
389,830,7/8/2021 6:25,17
144,645,7/8/2021 6:30,85
128,353,7/8/2021 6:37,17
128,639,7/8/2021 6:39,22
128,353,7/8/2021 6:43,66
389,830,7/8/2021 6:51,63
128,1413,7/8/2021 8:45,35
389,640,7/8/2021 10:10,73
598,88,7/8/2021 16:15,43
317,482,7/8/2021 17:11,67
389,1472,7/8/2021 17:24,41
389,1438,7/8/2021 17:26,45
389,830,7/8/2021 17:27,18
317,315,7/8/2021 17:42,46
1393,283,7/8/2021 17:44,28
1393,1365,7/8/2021 17:55,66
1393,1427,7/8/2021 17:56,44
1021,1199,7/8/2021 18:36,20
1021,1422,7/8/2021 18:36,27
1021,1449,7/8/2021 18:44,44
1393,1365,7/8/2021 19:04,13
1274,792,7/8/2021 19:20,20
1274,792,7/8/2021 19:26,80
598,1474,7/8/2021 20:00,48
1142,1287,7/8/2021 20:12,11
1142,1227,7/8/2021 20:42,33
1142,1320,7/8/2021 21:05,77
1142,312,7/8/2021 21:08,81
1142,312,7/8/2021 21:12,26
1142,1368,7/8/2021 21:41,65
1142,797,7/8/2021 21:42,41
1421,1449,7/8/2021 22:09,17
1421,236,7/8/2021 22:10,40
586,481,7/8/2021 22:35,67
1461,1253,7/8/2021 23:21,11
317,1260,7/9/2021 5:46,59
1252,787,7/9/2021 7:09,66
1252,787,7/9/2021 7:09,79
1252,787,7/9/2021 7:23,43
643,1365,7/9/2021 7:57,33
643,1371,7/9/2021 7:57,86
128,1381,7/9/2021 8:22,88
1021,1422,7/9/2021 8:54,57
128,1381,7/9/2021 9:22,58
1393,1365,7/9/2021 17:21,22
1393,1364,7/9/2021 17:22,73
1393,1492,7/9/2021 17:24,45
1393,1492,7/9/2021 17:24,38
598,488,7/9/2021 18:57,15
389,830,7/9/2021 21:10,19
389,1472,7/9/2021 21:12,63
509,1395,7/9/2021 21:31,68
1487,844,7/9/2021 21:32,66
509,1413,7/9/2021 21:48,40
509,52,7/9/2021 21:50,37
509,1413,7/9/2021 21:52,57
1496,824,7/9/2021 21:54,65
509,364,7/9/2021 22:19,25
509,1413,7/9/2021 23:27,67
1142,1320,7/10/2021 0:11,75
389,1472,7/10/2021 0:12,62
1496,824,7/10/2021 0:50,64
389,1472,7/10/2021 4:04,24
598,1290,7/10/2021 6:22,40
1487,132,7/10/2021 7:10,81
1487,132,7/10/2021 7:22,38
389,1472,7/10/2021 8:47,80
1393,1424,7/10/2021 16:55,68
337,1415,7/10/2021 19:21,61
337,1415,7/10/2021 19:29,36
725,1127,7/10/2021 20:33,39
725,1127,7/10/2021 20:37,11
725,52,7/10/2021 20:45,24
509,52,7/10/2021 21:38,52
509,337,7/10/2021 21:50,18
389,1472,7/10/2021 21:55,57
509,52,7/10/2021 22:05,73
509,893,7/10/2021 22:07,75
725,52,7/10/2021 22:18,17
725,1127,7/10/2021 22:19,82
509,840,7/10/2021 22:23,10
509,316,7/10/2021 22:23,43
509,364,7/10/2021 22:25,88
509,1026,7/10/2021 22:27,24
337,509,7/10/2021 22:29,33
509,337,7/10/2021 22:31,64
509,337,7/10/2021 22:31,75
337,509,7/10/2021 22:33,47
509,337,7/10/2021 22:34,60
1393,283,7/11/2021 0:31,52
128,847,7/11/2021 0:38,80
128,1510,7/11/2021 0:42,20
128,1510,7/11/2021 1:18,34
128,1262,7/11/2021 1:50,42
1510,606,7/11/2021 1:58,86
1510,606,7/11/2021 2:02,18
326,688,7/11/2021 2:10,70
1510,606,7/11/2021 2:12,13
326,701,7/11/2021 3:13,47
389,830,7/11/2021 4:35,85
389,950,7/11/2021 4:36,67
326,325,7/11/2021 5:20,78
128,1124,7/11/2021 5:26,82
1393,1180,7/11/2021 6:12,48
1510,606,7/11/2021 6:13,70
1510,606,7/11/2021 6:25,15
128,606,7/11/2021 6:40,79
128,1510,7/11/2021 6:42,66
128,1513,7/11/2021 6:46,25
128,1513,7/11/2021 6:49,84
128,1513,7/11/2021 6:53,21
1487,132,7/11/2021 6:56,88
128,1513,7/11/2021 6:57,10
128,1510,7/11/2021 7:06,49
128,204,7/11/2021 7:34,22
422,615,7/11/2021 7:49,69
173,749,7/11/2021 7:51,22
422,615,7/11/2021 9:03,35
317,319,7/11/2021 9:24,43
725,1260,7/11/2021 16:39,59
1393,283,7/11/2021 16:51,50
509,893,7/11/2021 17:40,50
509,52,7/11/2021 17:41,46
509,799,7/11/2021 17:42,24
1021,1285,7/11/2021 18:34,76
1021,191,7/11/2021 18:35,33
1021,1508,7/11/2021 18:35,34
326,701,7/11/2021 19:36,73
509,52,7/11/2021 19:53,50
509,799,7/11/2021 19:53,51
469,463,7/11/2021 20:42,58
1142,47,7/11/2021 20:44,45
509,799,7/11/2021 20:55,59
509,52,7/11/2021 22:10,35
509,893,7/11/2021 22:32,32
598,542,7/11/2021 23:12,64
598,542,7/11/2021 23:12,37
1487,50,7/11/2021 23:33,45
598,1517,7/12/2021 0:02,15
1487,312,7/12/2021 0:02,55
326,701,7/12/2021 0:03,61
128,509,7/12/2021 0:08,59
128,847,7/12/2021 0:09,88
1393,283,7/12/2021 0:23,11
1317,652,7/12/2021 0:35,84
370,1417,7/12/2021 0:48,34
1142,1043,7/12/2021 0:58,78
144,1527,7/12/2021 1:18,23
605,734,7/12/2021 2:54,11
605,734,7/12/2021 3:09,62
605,734,7/12/2021 3:15,50
605,734,7/12/2021 3:19,83
605,734,7/12/2021 3:22,40
605,734,7/12/2021 3:26,59
605,734,7/12/2021 3:30,78
605,734,7/12/2021 3:35,21
605,734,7/12/2021 3:36,41
128,847,7/12/2021 3:43,58
128,847,7/12/2021 4:10,50
128,847,7/12/2021 4:10,45
128,847,7/12/2021 4:23,48
725,635,7/12/2021 4:28,54
598,1080,7/12/2021 4:41,42
128,847,7/12/2021 4:51,64
128,847,7/12/2021 5:07,24
128,677,7/12/2021 5:08,82
1421,1356,7/12/2021 6:22,67
605,431,7/12/2021 6:53,83
1176,679,7/12/2021 6:59,72
1021,191,7/12/2021 7:22,10
1021,1508,7/12/2021 7:23,51
332,352,7/12/2021 7:27,21
483,821,7/12/2021 16:24,27
1393,1180,7/12/2021 16:52,69
1393,919,7/12/2021 16:52,46
1393,283,7/12/2021 16:53,25
509,1026,7/12/2021 17:03,15
337,263,7/12/2021 17:03,36
509,316,7/12/2021 17:03,77
586,145,7/12/2021 19:19,76
518,1488,7/12/2021 19:52,21
518,1536,7/12/2021 20:11,46
483,821,7/12/2021 20:44,77
605,431,7/12/2021 21:42,82
725,635,7/12/2021 21:46,29
725,635,7/12/2021 22:25,74
483,821,7/12/2021 23:32,35
1393,1365,7/13/2021 0:04,17
1393,283,7/13/2021 0:06,82
908,352,7/13/2021 0:34,86
326,552,7/13/2021 2:09,50
598,1538,7/13/2021 2:10,32
483,821,7/13/2021 3:31,23
1393,283,7/13/2021 4:30,46
1021,1285,7/13/2021 4:36,10
326,883,7/13/2021 5:09,53
643,1365,7/13/2021 5:27,10
1393,283,7/13/2021 5:49,61
422,308,7/13/2021 5:52,17
605,431,7/13/2021 6:18,38
483,821,7/13/2021 6:55,66
483,821,7/13/2021 7:16,81
509,1026,7/13/2021 7:34,44
483,821,7/13/2021 8:22,78
1142,1517,7/13/2021 8:25,42
483,821,7/13/2021 8:37,34
221,1561,7/13/2021 9:16,46
221,1323,7/13/2021 9:19,38
221,1282,7/13/2021 9:21,37
1431,342,7/13/2021 9:32,49
1431,768,7/13/2021 9:59,74
483,821,7/13/2021 17:17,76
1142,400,7/13/2021 18:14,59
752,1417,7/13/2021 18:25,37
752,1362,7/13/2021 18:35,55
173,1339,7/13/2021 18:36,31
1569,1568,7/13/2021 18:56,67
128,1510,7/13/2021 19:13,69
128,1510,7/13/2021 20:40,57
483,821,7/13/2021 20:44,69
483,1167,7/13/2021 20:45,14
483,1167,7/13/2021 23:04,12
483,1167,7/13/2021 23:07,62
483,821,7/13/2021 23:08,35
1510,128,7/13/2021 23:13,61
734,617,7/13/2021 23:25,80
509,1026,7/14/2021 1:05,33
483,821,7/14/2021 1:24,47
518,1488,7/14/2021 1:37,10
1573,1420,7/14/2021 2:14,40
1573,788,7/14/2021 2:14,87
1573,728,7/14/2021 2:22,49
1573,729,7/14/2021 2:23,75
1021,1285,7/14/2021 3:00,70
598,1576,7/14/2021 3:17,46
128,1510,7/14/2021 3:24,66
518,735,7/14/2021 3:35,61
1421,485,7/14/2021 4:40,74
483,1313,7/14/2021 4:54,65
483,1313,7/14/2021 5:16,23
483,821,7/14/2021 5:59,11
317,307,7/14/2021 6:00,26
1500,1447,7/14/2021 6:02,35
1500,1447,7/14/2021 6:06,28
317,307,7/14/2021 6:08,57
317,307,7/14/2021 6:13,42
317,307,7/14/2021 6:18,55
317,307,7/14/2021 6:19,30
1393,1365,7/14/2021 6:30,10
483,821,7/14/2021 6:30,25
317,1534,7/14/2021 6:32,19
598,475,7/14/2021 6:32,64
605,734,7/14/2021 6:41,16
598,475,7/14/2021 6:41,47
598,1562,7/14/2021 6:54,10
1573,1173,7/14/2021 7:03,24
1573,1173,7/14/2021 7:05,11
328,581,7/14/2021 7:14,74
328,581,7/14/2021 7:14,18
1573,1173,7/14/2021 7:29,34
1510,128,7/14/2021 7:47,55
605,1185,7/14/2021 8:10,82
605,749,7/14/2021 8:12,21
605,749,7/14/2021 8:16,13
144,1556,7/14/2021 8:57,52
144,1556,7/14/2021 8:59,74
144,1556,7/14/2021 9:04,47
144,1556,7/14/2021 9:09,60
144,1556,7/14/2021 9:12,72
144,1556,7/14/2021 9:19,35
144,1556,7/14/2021 9:22,12
144,1556,7/14/2021 9:28,28
144,1556,7/14/2021 9:31,59
1021,878,7/14/2021 10:29,66
1596,808,7/14/2021 17:29,84
1393,1180,7/14/2021 17:30,53
1393,1365,7/14/2021 18:42,14
389,482,7/14/2021 19:31,20
389,494,7/14/2021 19:31,30
389,482,7/14/2021 20:59,73
908,103,7/14/2021 21:03,56
317,701,7/14/2021 21:07,52
509,1587,7/14/2021 23:13,51
1487,50,7/15/2021 0:07,88
389,482,7/15/2021 1:40,10
389,950,7/15/2021 1:40,19
286,202,7/15/2021 2:34,59
1496,762,7/15/2021 3:45,15
483,821,7/15/2021 5:21,46
1142,1368,7/15/2021 6:01,79
518,298,7/15/2021 7:20,81
518,298,7/15/2021 7:30,66
518,298,7/15/2021 7:35,73
518,298,7/15/2021 7:37,80
1605,779,7/15/2021 8:12,10
1596,1607,7/15/2021 17:29,54
337,700,7/15/2021 18:00,34
518,1488,7/15/2021 18:18,30
1393,1613,7/15/2021 22:58,56
1005,546,7/15/2021 23:16,62
483,1313,7/15/2021 23:18,27
389,950,7/16/2021 3:00,76
1393,1365,7/16/2021 4:07,57
1021,322,7/16/2021 6:43,68
1252,1565,7/16/2021 7:15,55
1496,762,7/16/2021 9:11,27
752,594,7/16/2021 10:17,35
509,1026,7/16/2021 17:27,84
1021,1449,7/16/2021 18:08,20
483,821,7/16/2021 21:54,41
389,950,7/16/2021 22:35,37
1487,161,7/16/2021 22:36,24
483,821,7/17/2021 0:11,41
317,1184,7/17/2021 1:55,76
605,1339,7/17/2021 5:15,18
605,1601,7/17/2021 5:17,40
605,297,7/17/2021 5:17,79
509,1050,7/17/2021 5:28,68
509,1026,7/17/2021 5:31,68
605,1601,7/17/2021 5:32,44
605,1601,7/17/2021 5:37,67
1487,1014,7/17/2021 5:43,23
389,950,7/17/2021 8:45,41
725,1260,7/17/2021 17:11,47
605,1601,7/17/2021 19:45,52
509,893,7/17/2021 21:58,54
389,950,7/17/2021 22:14,85
389,1576,7/17/2021 22:14,76
389,342,7/18/2021 1:16,36
422,1299,7/18/2021 2:53,39
605,1339,7/18/2021 4:29,56
605,1339,7/18/2021 4:29,36
605,734,7/18/2021 4:53,55
605,1246,7/18/2021 4:58,16
725,859,7/18/2021 5:00,10
1393,95,7/18/2021 7:06,37
643,1365,7/18/2021 8:06,23
1252,1616,7/18/2021 9:18,53
1252,1616,7/18/2021 9:21,62
1252,1616,7/18/2021 9:24,24
1252,1616,7/18/2021 9:34,18
509,1026,7/18/2021 15:40,30
509,711,7/18/2021 15:42,54
509,840,7/18/2021 17:43,73
605,431,7/18/2021 19:57,80
389,830,7/18/2021 20:04,53
1162,913,7/18/2021 20:36,59
1510,3,7/18/2021 21:26,37
605,431,7/18/2021 21:36,88
177,1009,7/18/2021 21:54,74
518,1488,7/19/2021 0:55,29
1510,3,7/19/2021 1:53,48
144,1500,7/19/2021 4:01,69
1646,73,7/19/2021 4:42,16
1299,1646,7/19/2021 4:46,54
1299,1646,7/19/2021 4:46,72
1299,1646,7/19/2021 4:48,72
752,598,7/19/2021 4:48,17
1646,1299,7/19/2021 4:48,52
1646,1299,7/19/2021 4:49,76
1646,1299,7/19/2021 4:51,24
1097,191,7/19/2021 5:51,42
1097,1270,7/19/2021 5:52,11
389,1630,7/19/2021 5:55,69
1646,193,7/19/2021 5:57,59
643,1365,7/19/2021 6:39,55
128,970,7/19/2021 6:57,38
1252,1616,7/19/2021 7:15,68
128,970,7/19/2021 7:57,76
177,1009,7/19/2021 8:29,68
1252,1616,7/19/2021 15:00,74
337,1641,7/19/2021 16:15,84
1646,193,7/19/2021 17:00,67
1500,1624,7/19/2021 17:57,75
1500,144,7/19/2021 18:03,74
144,1500,7/19/2021 19:17,58
725,1624,7/19/2021 19:23,73
518,1488,7/19/2021 19:28,40
605,1601,7/19/2021 20:52,34
389,494,7/19/2021 21:00,68
389,494,7/19/2021 21:00,56
1317,50,7/19/2021 23:18,64
128,1113,7/19/2021 23:50,17
1252,1616,7/20/2021 0:37,79
370,1617,7/20/2021 0:44,41
1487,749,7/20/2021 0:59,77
1487,161,7/20/2021 1:00,57
1487,1598,7/20/2021 1:01,25
518,1488,7/20/2021 1:04,78
1510,3,7/20/2021 1:41,73
128,1378,7/20/2021 4:06,29
1317,919,7/20/2021 4:35,46
1021,1539,7/20/2021 4:55,27
725,1624,7/20/2021 6:29,46
518,1488,7/20/2021 6:32,47
1081,32,7/20/2021 6:52,26
1500,144,7/20/2021 7:20,72
1657,67,7/20/2021 7:37,86
1657,1021,7/20/2021 7:40,27
1657,1021,7/20/2021 7:41,10
1657,1641,7/20/2021 7:44,63
1657,713,7/20/2021 7:47,68
1657,1641,7/20/2021 7:56,43
1657,1641,7/20/2021 7:58,24
1657,1641,7/20/2021 7:59,37
1252,1616,7/20/2021 8:09,14
144,1500,7/20/2021 8:20,68
734,249,7/20/2021 17:10,85
1142,1185,7/20/2021 17:26,78
1657,300,7/20/2021 18:19,54
1657,713,7/20/2021 18:45,31
1657,523,7/20/2021 18:47,35
1657,393,7/20/2021 18:47,16
389,1576,7/20/2021 20:01,49
1142,1185,7/20/2021 21:59,44
725,1624,7/21/2021 0:27,21
1665,1049,7/21/2021 1:11,14
1665,1113,7/21/2021 1:12,51
1665,1113,7/21/2021 1:16,76
1665,423,7/21/2021 1:36,74
1665,423,7/21/2021 2:11,12
1665,1113,7/21/2021 2:12,53
337,297,7/21/2021 2:15,74
509,1665,7/21/2021 2:21,66
509,783,7/21/2021 2:23,55
509,783,7/21/2021 2:31,86
509,1463,7/21/2021 2:36,39
1665,573,7/21/2021 2:54,84
1665,573,7/21/2021 2:59,17
1665,878,7/21/2021 2:59,41
1665,176,7/21/2021 3:00,63
1665,509,7/21/2021 3:01,29
1665,573,7/21/2021 3:34,11
1665,1029,7/21/2021 3:35,42
1665,1158,7/21/2021 3:35,87
1665,482,7/21/2021 3:36,63
1487,161,7/21/2021 3:43,32
1487,749,7/21/2021 3:43,53
1665,573,7/21/2021 3:59,55
1665,1189,7/21/2021 4:01,32
1665,1029,7/21/2021 4:07,33
1665,1189,7/21/2021 4:08,53
1665,176,7/21/2021 4:10,21
1665,573,7/21/2021 4:11,19
1665,176,7/21/2021 4:12,66
1665,1189,7/21/2021 4:23,43
1665,573,7/21/2021 4:25,83
1665,950,7/21/2021 4:29,19
1665,878,7/21/2021 4:30,58
1665,573,7/21/2021 4:32,39
1665,573,7/21/2021 4:42,52
1665,1576,7/21/2021 4:45,70
1665,573,7/21/2021 4:50,68
518,1488,7/21/2021 4:57,85
518,1488,7/21/2021 5:03,53
518,1488,7/21/2021 5:47,48
1252,1616,7/21/2021 6:03,80
337,1648,7/21/2021 7:32,76
598,1070,7/21/2021 7:44,11
1665,41,7/21/2021 8:05,42
1670,1669,7/21/2021 17:19,49
518,298,7/21/2021 19:30,33
509,1665,7/21/2021 19:41,73
509,1026,7/21/2021 19:42,13
509,1255,7/21/2021 19:46,35
1657,53,7/21/2021 20:37,17
1657,53,7/21/2021 21:24,41
1487,1226,7/21/2021 22:50,11
1487,161,7/21/2021 22:59,28
1487,1673,7/21/2021 23:00,68
1487,1673,7/21/2021 23:03,48
509,1255,7/22/2021 2:17,77
518,1488,7/22/2021 2:45,65
518,1488,7/22/2021 3:16,50
598,1474,7/22/2021 4:17,30
1487,42,7/22/2021 6:02,54
1500,144,7/22/2021 7:24,17
516,1281,7/22/2021 9:06,44
144,1500,7/22/2021 14:15,18
1443,547,7/22/2021 21:36,75
337,317,7/22/2021 22:30,58
1487,42,7/22/2021 23:03,43
1308,779,7/22/2021 23:06,36
1021,322,7/23/2021 0:05,30
516,453,7/23/2021 0:15,36
605,620,7/23/2021 1:12,42
1500,144,7/23/2021 2:32,50
1021,249,7/23/2021 4:56,22
1021,32,7/23/2021 5:53,40
337,367,7/23/2021 8:06,39
337,1624,7/23/2021 8:07,60
1021,322,7/23/2021 10:27,57
1021,249,7/23/2021 10:29,25
128,1189,7/23/2021 10:33,68
1646,462,7/23/2021 16:55,33
1021,249,7/23/2021 20:03,36
389,1688,7/23/2021 21:53,40
1657,300,7/23/2021 22:29,74
317,307,7/23/2021 23:42,70
518,1580,7/24/2021 5:28,27
1657,1316,7/24/2021 7:46,78
1657,1316,7/24/2021 7:49,22
1657,1641,7/24/2021 7:50,54
128,1189,7/24/2021 8:03,55
128,779,7/24/2021 8:04,39
469,463,7/24/2021 10:07,76
144,1500,7/24/2021 17:55,55
337,398,7/24/2021 18:37,80
1573,728,7/24/2021 18:48,82
162,161,7/24/2021 20:34,63
509,1255,7/25/2021 2:56,83
518,1540,7/25/2021 3:11,42
734,249,7/25/2021 4:39,81
734,605,7/25/2021 4:40,11
605,734,7/25/2021 4:40,45
144,193,7/25/2021 4:44,85
734,1667,7/25/2021 4:47,78
734,1667,7/25/2021 4:51,58
734,1667,7/25/2021 4:52,41
605,1667,7/25/2021 5:10,61
605,1667,7/25/2021 5:16,59
389,1285,7/25/2021 5:50,88
389,249,7/25/2021 5:51,29
389,249,7/25/2021 5:52,64
389,361,7/25/2021 5:52,84
389,1413,7/25/2021 6:06,86
598,303,7/25/2021 6:28,25
605,617,7/25/2021 6:36,67
1252,1616,7/25/2021 7:01,62
389,361,7/25/2021 7:36,67
1487,42,7/25/2021 7:37,84
1487,1598,7/25/2021 7:37,42
1487,679,7/25/2021 7:54,33
1657,144,7/25/2021 9:15,57
1657,1565,7/25/2021 9:17,66
509,1255,7/25/2021 16:34,76
509,1603,7/25/2021 16:36,15
1431,1676,7/25/2021 20:18,46
389,494,7/25/2021 20:34,65
1657,1647,7/25/2021 20:43,35
1657,1346,7/25/2021 20:44,83
1657,1565,7/25/2021 21:49,79
128,606,7/26/2021 3:04,22
337,1598,7/26/2021 20:12,47
1393,1427,7/28/2021 4:21,63
1142,1709,7/29/2021 9:49,37
144,1557,7/30/2021 17:15,52
1500,144,8/7/2021 16:05,85
1431,431,8/7/2021 18:36,15
1393,1225,8/8/2021 1:45,51
598,652,8/9/2021 2:56,48
317,311,8/9/2021 5:55,17
1487,620,8/10/2021 1:31,61
1657,1730,8/10/2021 3:25,31
144,1500,8/10/2021 4:23,55
144,142,8/10/2021 4:24,59
144,142,8/10/2021 4:30,54
144,142,8/10/2021 4:35,27
144,142,8/10/2021 4:50,76
518,525,8/10/2021 6:40,15
1317,652,8/10/2021 7:59,68
1510,329,8/10/2021 8:59,79
162,132,8/10/2021 21:40,78
1317,652,8/11/2021 1:13,38
483,189,8/11/2021 2:15,48
144,1500,8/11/2021 7:18,86
908,1717,8/11/2021 18:12,44
725,1624,8/11/2021 21:33,13
1317,652,8/12/2021 6:00,83
1500,144,8/12/2021 6:44,75
1500,708,8/12/2021 7:01,37
1021,1449,8/13/2021 1:51,60
725,1624,8/13/2021 2:05,62
1393,1225,8/13/2021 4:34,30
1142,1415,8/13/2021 5:30,59
1431,431,8/13/2021 17:20,18
1500,708,8/13/2021 21:21,82
1431,431,8/14/2021 15:31,26
1142,1415,8/15/2021 5:47,75
1021,1069,8/15/2021 20:27,72
389,249,8/16/2021 1:17,22
1142,249,8/16/2021 5:17,76
1142,540,8/16/2021 5:26,29
1142,249,8/16/2021 5:27,88
1142,249,8/16/2021 5:44,64
598,652,8/16/2021 8:22,17
1142,540,8/16/2021 18:49,18
518,249,8/17/2021 0:18,58
144,430,8/17/2021 2:04,69
1142,1415,8/17/2021 4:53,59
518,1346,8/17/2021 17:32,77
518,1339,8/17/2021 20:40,13
518,1346,8/17/2021 20:55,18
518,249,8/17/2021 20:55,42
518,1488,8/18/2021 0:22,35
518,1346,8/18/2021 0:28,37
725,249,8/18/2021 2:14,75
1500,1346,8/18/2021 6:16,81
518,1346,8/18/2021 6:23,21
518,1346,8/18/2021 14:41,22
518,1488,8/18/2021 22:02,27
605,1713,8/19/2021 23:44,79
518,1488,8/21/2021 17:46,14
1487,620,8/22/2021 0:01,14
1487,1520,8/22/2021 0:03,80
1487,974,8/22/2021 7:45,40
518,1488,8/23/2021 19:30,85
518,1488,8/23/2021 19:32,62
1317,3,8/24/2021 1:16,68
1487,1520,8/24/2021 1:35,19
483,189,8/26/2021 5:27,74
144,12,8/28/2021 21:20,78
144,9,8/28/2021 21:21,24
483,189,8/29/2021 1:16,14
144,3,8/30/2021 1:09,83
144,12,8/30/2021 1:11,46
144,12,8/30/2021 1:15,77
144,1758,8/30/2021 1:18,16
144,12,8/30/2021 1:20,28
144,12,8/30/2021 1:26,38
144,12,8/30/2021 1:37,81
144,12,8/30/2021 1:44,35
144,12,8/30/2021 1:47,51
144,12,8/30/2021 1:56,84
144,9,8/30/2021 4:48,81
1308,9,8/30/2021 21:04,19
1308,9,8/30/2021 21:06,29
1308,9,8/30/2021 21:06,65
1308,9,8/30/2021 21:12,29
1308,9,8/30/2021 21:15,15
1308,9,8/30/2021 21:26,87
144,1758,8/31/2021 5:04,84
144,1761,8/31/2021 6:19,42
518,1346,8/31/2021 15:34,16
509,1026,8/31/2021 23:58,27
483,1408,9/1/2021 7:09,52
144,1758,9/1/2021 8:02,39
1308,9,9/1/2021 16:03,86
1308,1716,9/1/2021 21:29,43
1308,9,9/1/2021 21:30,70
144,1758,9/2/2021 0:57,75
1308,9,9/2/2021 21:30,50
144,1758,9/3/2021 0:41,17
144,1758,9/3/2021 8:23,77
1308,1713,9/4/2021 22:35,65
1308,1716,9/4/2021 22:36,42
389,494,9/5/2021 3:20,79
144,1758,9/5/2021 5:10,55
144,1758,9/6/2021 7:05,35
1308,1716,9/8/2021 4:09,60
1780,1255,9/9/2021 7:44,32
516,1445,9/10/2021 3:57,48
516,1445,9/10/2021 3:57,66
516,1445,9/10/2021 3:58,18
344,42,9/10/2021 23:31,61
1021,1285,9/12/2021 7:31,24
516,1724,9/13/2021 6:17,66
483,431,9/13/2021 10:21,25
1021,1285,9/13/2021 17:03,80
483,431,9/13/2021 21:47,21
260,430,9/14/2021 2:19,88
144,1758,9/14/2021 4:24,78
144,1783,9/14/2021 4:29,23
144,1783,9/14/2021 4:31,34
144,1472,9/14/2021 4:39,77
144,1783,9/14/2021 4:52,25
144,142,9/14/2021 4:55,20
483,431,9/14/2021 9:54,79
483,1756,9/15/2021 1:14,15
483,249,9/15/2021 1:15,85
483,431,9/15/2021 1:15,29
483,431,9/15/2021 4:19,69
1487,132,9/15/2021 5:58,65
1487,620,9/15/2021 6:03,12
1487,105,9/15/2021 6:03,41
483,431,9/15/2021 6:59,28
483,431,9/15/2021 8:04,38
483,431,9/15/2021 10:30,43
483,249,9/15/2021 10:31,77
483,431,9/15/2021 20:14,41
483,1756,9/15/2021 20:17,13
483,431,9/15/2021 20:54,18
483,1756,9/16/2021 3:38,40
483,1756,9/16/2021 18:09,24
144,1758,9/17/2021 5:19,88
144,1472,9/17/2021 5:22,14
144,12,9/17/2021 5:23,34
1487,132,9/17/2021 8:41,36
1487,132,9/17/2021 8:46,88
144,1758,9/17/2021 22:14,36
1487,620,9/19/2021 4:25,30
1021,1449,9/23/2021 4:38,51
286,1756,9/23/2021 5:22,36
483,1543,9/24/2021 0:42,45
286,1756,9/24/2021 1:51,61
144,1472,9/25/2021 19:24,14
144,1758,9/25/2021 19:28,31
144,1472,9/26/2021 5:02,63
144,42,9/26/2021 5:05,22
483,1543,9/27/2021 5:38,77
144,1472,9/27/2021 6:25,33
221,1792,9/27/2021 8:36,51
483,1543,9/27/2021 11:23,48
286,1756,9/27/2021 23:05,80
483,821,9/28/2021 12:22,48
483,1756,9/28/2021 12:22,74
1308,105,9/29/2021 20:52,33
1308,1716,9/29/2021 20:54,10
483,821,9/30/2021 1:28,68
144,1756,9/30/2021 5:11,63
1308,105,9/30/2021 7:25,64
1081,1342,9/30/2021 14:36,25
1807,3,10/3/2021 20:07,88
1807,3,10/3/2021 21:45,46
1807,32,10/3/2021 22:55,78
144,1436,10/4/2021 3:55,71
1487,1626,10/4/2021 6:06,13
586,396,10/4/2021 15:09,55
260,1783,10/5/2021 4:18,34
605,1698,10/5/2021 6:40,52
1802,1801,10/6/2021 5:43,56
518,1436,10/7/2021 19:10,76
518,1436,10/8/2021 17:59,36
221,1783,10/11/2021 8:35,12
221,1796,10/11/2021 8:37,24
518,1830,10/12/2021 19:08,65
509,1026,10/13/2021 21:03,76
1807,41,10/13/2021 22:21,44
1807,289,10/13/2021 22:23,83
1807,32,10/13/2021 22:25,50
1807,32,10/14/2021 3:35,82
1097,456,10/20/2021 1:42,38
605,1698,10/20/2021 2:29,71
1807,289,10/21/2021 6:43,81
260,1406,10/23/2021 4:53,28
1800,44,10/24/2021 4:08,86
1800,1801,10/24/2021 4:17,48
1657,1624,10/24/2021 4:19,51
1657,1624,10/25/2021 5:27,38
1657,536,10/25/2021 5:36,43
469,1781,10/26/2021 0:51,10
469,503,10/26/2021 0:52,23
469,1181,10/26/2021 1:00,40
469,175,10/26/2021 1:03,12
1308,9,10/26/2021 19:26,12
509,1026,10/26/2021 23:35,33
509,1839,10/26/2021 23:53,87
509,1839,10/27/2021 0:18,86
509,316,10/27/2021 0:32,86
469,1217,10/27/2021 7:30,78
469,1781,10/27/2021 7:31,40
469,503,10/27/2021 7:32,18
469,525,10/27/2021 7:34,21
1308,9,10/27/2021 19:43,54
483,821,10/28/2021 11:25,39
509,1839,10/31/2021 22:12,35
509,1026,10/31/2021 22:13,49
1657,36,11/2/2021 7:34,32
1657,36,11/2/2021 7:34,76
1657,1624,11/2/2021 7:35,12
1657,366,11/2/2021 7:42,56
1657,1675,11/2/2021 7:42,52
1657,1731,11/2/2021 7:43,23
509,1026,11/2/2021 16:45,46
1308,9,11/4/2021 18:04,37
586,396,11/4/2021 20:07,51
509,1097,11/5/2021 1:16,65
509,1839,11/5/2021 1:19,73
1308,9,11/6/2021 20:52,53
1308,9,11/10/2021 5:06,51
509,316,11/11/2021 18:58,24
469,1181,11/16/2021 18:55,34
1881,1750,11/17/2021 6:35,67
1881,1676,11/17/2021 6:45,27
1881,1052,11/17/2021 6:59,22
1881,1642,11/17/2021 7:02,67
1881,1079,11/17/2021 7:11,11
1881,1079,11/17/2021 7:21,74
1881,1750,11/17/2021 7:23,25
1881,1079,11/17/2021 7:25,82
1881,1750,11/17/2021 7:26,18
1881,1079,11/17/2021 7:27,49
1881,1079,11/17/2021 7:30,22
1881,1750,11/17/2021 7:37,31
1881,1052,11/18/2021 1:17,46
1881,1052,11/18/2021 4:57,62
1487,1890,11/21/2021 3:13,26
469,1181,11/24/2021 4:59,64
469,1629,11/24/2021 5:02,34
469,1629,11/24/2021 5:03,45
469,1629,11/24/2021 5:04,82
1487,1543,11/26/2021 0:39,29
144,1713,11/28/2021 18:30,76
1879,1520,11/29/2021 7:27,22
1879,1543,11/29/2021 7:37,17
483,1756,9/16/2021 3:38,27
483,1756,9/16/2021 18:09,76
144,1758,9/17/2021 5:19,61
144,1472,9/17/2021 5:22,22
144,12,9/17/2021 5:23,35
1487,132,9/17/2021 8:41,54
1487,132,9/17/2021 8:46,26
144,1758,9/17/2021 22:14,57
1487,620,9/19/2021 4:25,83
1021,1449,9/23/2021 4:38,72
286,1756,9/23/2021 5:22,87
483,1543,9/24/2021 0:42,71
286,1756,9/24/2021 1:51,86
144,1472,9/25/2021 19:24,68
144,1758,9/25/2021 19:28,53
144,1472,9/26/2021 5:02,45
144,42,9/26/2021 5:05,65
483,1543,9/27/2021 5:38,13
144,1472,9/27/2021 6:25,54
221,1792,9/27/2021 8:36,55
483,1543,9/27/2021 11:23,27
286,1756,9/27/2021 23:05,34
483,821,9/28/2021 12:22,87
483,1756,9/28/2021 12:22,41
1308,105,9/29/2021 20:52,39
1308,1716,9/29/2021 20:54,88
483,821,9/30/2021 1:28,39
144,1756,9/30/2021 5:11,59
1308,105,9/30/2021 7:25,42
1081,1342,9/30/2021 14:36,32
1807,3,10/3/2021 20:07,69
1807,3,10/3/2021 21:45,26
1807,32,10/3/2021 22:55,17
144,1436,10/4/2021 3:55,53
1487,1626,10/4/2021 6:06,33
586,396,10/4/2021 15:09,85
260,1783,10/5/2021 4:18,36
605,1698,10/5/2021 6:40,46
1802,1801,10/6/2021 5:43,76
518,1436,10/7/2021 19:10,20
518,1436,10/8/2021 17:59,13
221,1783,10/11/2021 8:35,29
221,1796,10/11/2021 8:37,39
518,1830,10/12/2021 19:08,29
509,1026,10/13/2021 21:03,33
1807,41,10/13/2021 22:21,87
1807,289,10/13/2021 22:23,45
1807,32,10/13/2021 22:25,50
1807,32,10/14/2021 3:35,47
1097,456,10/20/2021 1:42,54
605,1698,10/20/2021 2:29,70
1807,289,10/21/2021 6:43,13
260,1406,10/23/2021 4:53,41
1800,44,10/24/2021 4:08,32
1800,1801,10/24/2021 4:17,10
1657,1624,10/24/2021 4:19,29
1657,1624,10/25/2021 5:27,59
1657,536,10/25/2021 5:36,60
469,1781,10/26/2021 0:51,85
469,503,10/26/2021 0:52,58
469,1181,10/26/2021 1:00,28
469,175,10/26/2021 1:03,48
1308,9,10/26/2021 19:26,57
509,1026,10/26/2021 23:35,30
509,1839,10/26/2021 23:53,63
509,1839,10/27/2021 0:18,45
509,316,10/27/2021 0:32,34
469,1217,10/27/2021 7:30,35
469,1781,10/27/2021 7:31,59
469,503,10/27/2021 7:32,71
469,525,10/27/2021 7:34,53
1308,9,10/27/2021 19:43,18
483,821,10/28/2021 11:25,56
509,1839,10/31/2021 22:12,50
509,1026,10/31/2021 22:13,35
1657,36,11/2/2021 7:34,76
1657,36,11/2/2021 7:34,17
1657,1624,11/2/2021 7:35,24
1657,366,11/2/2021 7:42,78
1657,1675,11/2/2021 7:42,52
1657,1731,11/2/2021 7:43,37
509,1026,11/2/2021 16:45,80
1308,9,11/4/2021 18:04,49
586,396,11/4/2021 20:07,87
509,1097,11/5/2021 1:16,40
509,1839,11/5/2021 1:19,25
1308,9,11/6/2021 20:52,41
1308,9,11/10/2021 5:06,87
509,316,11/11/2021 18:58,40
469,1181,11/16/2021 18:55,80
1881,1750,11/17/2021 6:35,29
1881,1676,11/17/2021 6:45,27
1881,1052,11/17/2021 6:59,68
1881,1642,11/17/2021 7:02,12
1881,1079,11/17/2021 7:11,22
1881,1079,11/17/2021 7:21,41
1881,1750,11/17/2021 7:23,38
1881,1079,11/17/2021 7:25,28
1881,1750,11/17/2021 7:26,71
1881,1079,11/17/2021 7:27,45
1881,1079,11/17/2021 7:30,19
1881,1750,11/17/2021 7:37,52
1881,1052,11/18/2021 1:17,68
1881,1052,11/18/2021 4:57,40
1487,1890,11/21/2021 3:13,80
469,1181,11/24/2021 4:59,71
469,1629,11/24/2021 5:02,71
469,1629,11/24/2021 5:03,33
469,1629,11/24/2021 5:04,75
1487,1543,11/26/2021 0:39,25
144,1713,11/28/2021 18:30,51
1879,1520,11/29/2021 7:27,58
1879,1543,11/29/2021 7:37,56
